wavelength,B_442,B_492,B_559,B_665,B_704,B_739,B_780,B_835,B_864,B_943,B_1375,B_1611,B_2184
300.0,,,,,,,,,,,,,
301.0,,,,,,,,,,,,,
302.0,,,,,,,,,,,,,
303.0,,,,,,,,,,,,,
304.0,,,,,,,,,,,,,
305.0,,,,,,,,,,,,,
306.0,,,,,,,,,,,,,
307.0,,,,,,,,,,,,,
308.0,,,,,,,,,,,,,
309.0,,,,,,,,,,,,,
310.0,,,,,,,,,,,,,
311.0,,,,,,,,,,,,,
312.0,,,,,,,,,,,,,
313.0,,,,,,,,,,,,,
314.0,,,,,,,,,,,,,
315.0,,,,,,,,,,,,,
316.0,,,,,,,,,,,,,
317.0,,,,,,,,,,,,,
318.0,,,,,,,,,,,,,
319.0,,,,,,,,,,,,,
320.0,,,,,,,,,,,,,
321.0,,,,,,,,,,,,,
322.0,,,,,,,,,,,,,
323.0,,,,,,,,,,,,,
324.0,,,,,,,,,,,,,
325.0,,,,,,,,,,,,,
326.0,,,,,,,,,,,,,
327.0,,,,,,,,,,,,,
328.0,,,,,,,,,,,,,
329.0,,,,,,,,,,,,,
330.0,,,,,,,,,,,,,
331.0,,,,,,,,,,,,,
332.0,,,,,,,,,,,,,
333.0,,,,,,,,,,,,,
334.0,,,,,,,,,,,,,
335.0,,,,,,,,,,,,,
336.0,,,,,,,,,,,,,
337.0,,,,,,,,,,,,,
338.0,,,,,,,,,,,,,
339.0,,,,,,,,,,,,,
340.0,,,,,,,,,,,,,
341.0,,,,,,,,,,,,,
342.0,,,,,,,,,,,,,
343.0,,,,,,,,,,,,,
344.0,,,,,,,,,,,,,
345.0,,,,,,,,,,,,,
346.0,,,,,,,,,,,,,
347.0,,,,,,,,,,,,,
348.0,,,,,,,,,,,,,
349.0,,,,,,,,,,,,,
350.0,,,,,,,,,,,,,
351.0,,,,,,,,,,,,,
352.0,,,,,,,,,,,,,
353.0,,,,,,,,,,,,,
354.0,,,,,,,,,,,,,
355.0,,,,,,,,,,,,,
356.0,,,,,,,,,,,,,
357.0,,,,,,,,,,,,,
358.0,,,,,,,,,,,,,
359.0,,,,,,,,,,,,,
360.0,,,,,,,,,,,,,
361.0,,,,,,,,,,,,,
362.0,,,,,,,,,,,,,
363.0,,,,,,,,,,,,,
364.0,,,,,,,,,,,,,
365.0,,,,,,,,,,,,,
366.0,,,,,,,,,,,,,
367.0,,,,,,,,,,,,,
368.0,,,,,,,,,,,,,
369.0,,,,,,,,,,,,,
370.0,,,,,,,,,,,,,
371.0,,,,,,,,,,,,,
372.0,,,,,,,,,,,,,
373.0,,,,,,,,,,,,,
374.0,,,,,,,,,,,,,
375.0,,,,,,,,,,,,,
376.0,,,,,,,,,,,,,
377.0,,,,,,,,,,,,,
378.0,,,,,,,,,,,,,
379.0,,,,,,,,,,,,,
380.0,,,,,,,,,,,,,
381.0,,,,,,,,,,,,,
382.0,,,,,,,,,,,,,
383.0,,,,,,,,,,,,,
384.0,,,,,,,,,,,,,
385.0,,,,,,,,,,,,,
386.0,,,,,,,,,,,,,
387.0,,,,,,,,,,,,,
388.0,,,,,,,,,,,,,
389.0,,,,,,,,,,,,,
390.0,,,,,,,,,,,,,
391.0,,,,,,,,,,,,,
392.0,,,,,,,,,,,,,
393.0,,,,,,,,,,,,,
394.0,,,,,,,,,,,,,
395.0,,,,,,,,,,,,,
396.0,,,,,,,,,,,,,
397.0,,,,,,,,,,,,,
398.0,,,,,,,,,,,,,
399.0,,,,,,,,,,,,,
400.0,,,,,,,,,,,,,
401.0,,,,,,,,,,,,,
402.0,,,,,,,,,,,,,
403.0,,,,,,,,,,,,,
404.0,,,,,,,,,,,,,
405.0,,,,,,,,,,,,,
406.0,,,,,,,,,,,,,
407.0,,,,,,,,,,,,,
408.0,,,,,,,,,,,,,
409.0,,,,,,,,,,,,,
410.0,,,,,,,,,,,,,
411.0,0.0067978,,,,,,,,,,,,
412.0,0.0109964,,,,,,,,,,,,
413.0,0.00420836,,,,,,,,,,,,
414.0,0.00656803,,,,,,,,,,,,
415.0,0.00588312,,,,,,,,,,,,
416.0,0.00713011,,,,,,,,,,,,
417.0,0.00433365,,,,,,,,,,,,
418.0,0.00626354,,,,,,,,,,,,
419.0,0.00439369,,,,,,,,,,,,
420.0,0.00253157,,,,,,,,,,,,
421.0,0.000621707,,,,,,,,,,,,
422.0,0.00211773,,,,,,,,,,,,
423.0,0.0031758,,,,,,,,,,,,
424.0,0.00521309,,,,,,,,,,,,
425.0,0.00338738,,,,,,,,,,,,
426.0,0.00258671,,,,,,,,,,,,
427.0,0.00238417,,,,,,,,,,,,
428.0,0.00459523,,,,,,,,,,,,
429.0,0.0129909,,,,,,,,,,,,
430.0,0.0506223,,,,,,,,,,,,
431.0,0.188722,,,,,,,,,,,,
432.0,0.459107,,,,,,,,,,,,
433.0,0.730161,,,,,,,,,,,,
434.0,0.84726,,,,,,,,,,,,
435.0,0.871236,,,,,,,,,,,,
436.0,0.881448,,,,,,,,,,,,
437.0,0.899393,,,,,,,,,,,,
438.0,0.918669,0.00189331,,,,,,,,,,,
439.0,0.933421,0.0194408,,,,,,,,,,,
440.0,0.945963,0.020059,,,,,,,,,,,
441.0,0.95041,0.0141096,,,,,,,,,,,
442.0,0.953972,0.0156129,,,,,,,,,,,
443.0,0.969032,0.0154489,,,,,,,,,,,
444.0,0.999546,0.0170342,,,,,,,,,,,
445.0,1.0,0.0133114,,,,,,,,,,,
446.0,0.976368,0.014462,,,,,,,,,,,
447.0,0.96405,0.00959209,,,,,,,,,,,
448.0,0.954175,0.0145007,,,,,,,,,,,
449.0,0.923745,0.0111593,,,,,,,,,,,
450.0,0.885489,0.0133325,,,,,,,,,,,
451.0,0.809016,0.0135573,,,,,,,,,,,
452.0,0.601561,0.01426,,,,,,,,,,,
453.0,0.306766,0.0147176,,,,,,,,,,,
454.0,0.108528,0.0159895,,,,,,,,,,,
455.0,0.0305421,0.0306542,,,,,,,,,,,
456.0,0.00893513,0.0554328,,,,,,,,,,,
457.0,,0.120229,,,,,,,,,,,
458.0,,0.252261,,,,,,,,,,,
459.0,,0.462862,,,,,,,,,,,
460.0,,0.652412,,,,,,,,,,,
461.0,,0.777508,,,,,,,,,,,
462.0,,0.824333,,,,,,,,,,,
463.0,,0.832077,,,,,,,,,,,
464.0,,0.835038,,,,,,,,,,,
465.0,,0.838761,,,,,,,,,,,
466.0,,0.864126,,,,,,,,,,,
467.0,,0.883294,,,,,,,,,,,
468.0,,0.905694,,,,,,,,,,,
469.0,,0.921187,,,,,,,,,,,
470.0,,0.936617,,,,,,,,,,,
471.0,,0.931025,,,,,,,,,,,
472.0,,0.927548,,,,,,,,,,,
473.0,,0.916623,,,,,,,,,,,
474.0,,0.906017,,,,,,,,,,,
475.0,,0.89787,,,,,,,,,,,
476.0,,0.903147,,,,,,,,,,,
477.0,,0.908994,,,,,,,,,,,
478.0,,0.920859,,,,,,,,,,,
479.0,,0.924524,,,,,,,,,,,
480.0,,0.918844,,,,,,,,,,,
481.0,,0.907981,,,,,,,,,,,
482.0,,0.898033,,,,,,,,,,,
483.0,,0.887358,,,,,,,,,,,
484.0,,0.873066,,,,,,,,,,,
485.0,,0.857762,,,,,,,,,,,
486.0,,0.846133,,,,,,,,,,,
487.0,,0.843383,,,,,,,,,,,
488.0,,0.857925,,,,,,,,,,,
489.0,,0.879321,,,,,,,,,,,
490.0,,0.903975,,,,,,,,,,,
491.0,,0.919581,,,,,,,,,,,
492.0,,0.946713,,,,,,,,,,,
493.0,,0.969407,,,,,,,,,,,
494.0,,0.993636,,,,,,,,,,,
495.0,,0.999321,,,,,,,,,,,
496.0,,1.0,,,,,,,,,,,
497.0,,0.995108,,,,,,,,,,,
498.0,,0.984163,,,,,,,,,,,
499.0,,0.97951,,,,,,,,,,,
500.0,,0.978185,,,,,,,,,,,
501.0,,0.972279,,,,,,,,,,,
502.0,,0.962935,,,,,,,,,,,
503.0,,0.953558,,,,,,,,,,,
504.0,,0.938135,,,,,,,,,,,
505.0,,0.924778,,,,,,,,,,,
506.0,,0.90959,,,,,,,,,,,
507.0,,0.902314,,,,,,,,,,,
508.0,,0.892251,,,,,,,,,,,
509.0,,0.890061,,,,,,,,,,,
510.0,,0.891852,,,,,,,,,,,
511.0,,0.899165,,,,,,,,,,,
512.0,,0.910901,,,,,,,,,,,
513.0,,0.924636,,,,,,,,,,,
514.0,,0.938626,,,,,,,,,,,
515.0,,0.953527,,,,,,,,,,,
516.0,,0.971831,,,,,,,,,,,
517.0,,0.987691,,,,,,,,,,,
518.0,,0.996791,,,,,,,,,,,
519.0,,0.993852,,,,,,,,,,,
520.0,,0.981638,,,,,,,,,,,
521.0,,0.95897,,,,,,,,,,,
522.0,,0.893259,,,,,,,,,,,
523.0,,0.736064,,,,,,,,,,,
524.0,,0.521015,,,,,,,,,,,
525.0,,0.332579,,,,,,,,,,,
526.0,,0.19508,,,,,,,,,,,
527.0,,0.117429,,,,,,,,,,,
528.0,,0.0751388,,,,,,,,,,,
529.0,,0.050992,,,,,,,,,,,
530.0,,0.0321548,,,,,,,,,,,
531.0,,0.0151342,,,,,,,,,,,
532.0,,0.00447717,,,,,,,,,,,
533.0,,,,,,,,,,,,,
534.0,,,,,,,,,,,,,
535.0,,,,,,,,,,,,,
536.0,,,0.00184908,,,,,,,,,,
537.0,,,0.0154813,,,,,,,,,,
538.0,,,0.0366619,,,,,,,,,,
539.0,,,0.0811813,,,,,,,,,,
540.0,,,0.169522,,,,,,,,,,
541.0,,,0.333499,,,,,,,,,,
542.0,,,0.587551,,,,,,,,,,
543.0,,,0.810898,,,,,,,,,,
544.0,,,0.914487,,,,,,,,,,
545.0,,,0.94552,,,,,,,,,,
546.0,,,0.949175,,,,,,,,,,
547.0,,,0.943502,,,,,,,,,,
548.0,,,0.928333,,,,,,,,,,
549.0,,,0.91282,,,,,,,,,,
550.0,,,0.901483,,,,,,,,,,
551.0,,,0.900859,,,,,,,,,,
552.0,,,0.907289,,,,,,,,,,
553.0,,,0.922649,,,,,,,,,,
554.0,,,0.942932,,,,,,,,,,
555.0,,,0.964025,,,,,,,,,,
556.0,,,0.98347,,,,,,,,,,
557.0,,,0.999447,,,,,,,,,,
558.0,,,1.0,,,,,,,,,,
559.0,,,0.991956,,,,,,,,,,
560.0,,,0.976583,,,,,,,,,,
561.0,,,0.951152,,,,,,,,,,
562.0,,,0.924621,,,,,,,,,,
563.0,,,0.891852,,,,,,,,,,
564.0,,,0.868158,,,,,,,,,,
565.0,,,0.847608,,,,,,,,,,
566.0,,,0.839209,,,,,,,,,,
567.0,,,0.832981,,,,,,,,,,
568.0,,,0.830821,,,,,,,,,,
569.0,,,0.835211,,,,,,,,,,
570.0,,,0.848757,,,,,,,,,,
571.0,,,0.866564,,,,,,,,,,
572.0,,,0.875196,,,,,,,,,,
573.0,,,0.870378,,,,,,,,,,
574.0,,,0.857257,,,,,,,,,,
575.0,,,0.80975,,,,,,,,,,
576.0,,,0.677464,,,,,,,,,,
577.0,,,0.456508,,,,,,,,,,
578.0,,,0.247692,,,,,,,,,,
579.0,,,0.127866,,,,,,,,,,
580.0,,,0.0590168,,,,,,,,,,
581.0,,,0.0257244,,,,,,,,,,
582.0,,,0.00521916,,,,,,,,,,
583.0,,,,,,,,,,,,,
584.0,,,,,,,,,,,,,
585.0,,,,,,,,,,,,,
586.0,,,,,,,,,,,,,
587.0,,,,,,,,,,,,,
588.0,,,,,,,,,,,,,
589.0,,,,,,,,,,,,,
590.0,,,,,,,,,,,,,
591.0,,,,,,,,,,,,,
592.0,,,,,,,,,,,,,
593.0,,,,,,,,,,,,,
594.0,,,,,,,,,,,,,
595.0,,,,,,,,,,,,,
596.0,,,,,,,,,,,,,
597.0,,,,,,,,,,,,,
598.0,,,,,,,,,,,,,
599.0,,,,,,,,,,,,,
600.0,,,,,,,,,,,,,
601.0,,,,,,,,,,,,,
602.0,,,,,,,,,,,,,
603.0,,,,,,,,,,,,,
604.0,,,,,,,,,,,,,
605.0,,,,,,,,,,,,,
606.0,,,,,,,,,,,,,
607.0,,,,,,,,,,,,,
608.0,,,,,,,,,,,,,
609.0,,,,,,,,,,,,,
610.0,,,,,,,,,,,,,
611.0,,,,,,,,,,,,,
612.0,,,,,,,,,,,,,
613.0,,,,,,,,,,,,,
614.0,,,,,,,,,,,,,
615.0,,,,,,,,,,,,,
616.0,,,,,,,,,,,,,
617.0,,,,,,,,,,,,,
618.0,,,,,,,,,,,,,
619.0,,,,,,,,,,,,,
620.0,,,,,,,,,,,,,
621.0,,,,,,,,,,,,,
622.0,,,,,,,,,,,,,
623.0,,,,,,,,,,,,,
624.0,,,,,,,,,,,,,
625.0,,,,,,,,,,,,,
626.0,,,,,,,,,,,,,
627.0,,,,,,,,,,,,,
628.0,,,,,,,,,,,,,
629.0,,,,,,,,,,,,,
630.0,,,,,,,,,,,,,
631.0,,,,,,,,,,,,,
632.0,,,,,,,,,,,,,
633.0,,,,,,,,,,,,,
634.0,,,,,,,,,,,,,
635.0,,,,,,,,,,,,,
636.0,,,,,,,,,,,,,
637.0,,,,,,,,,,,,,
638.0,,,,,,,,,,,,,
639.0,,,,,,,,,,,,,
640.0,,,,,,,,,,,,,
641.0,,,,,,,,,,,,,
642.0,,,,,,,,,,,,,
643.0,,,,,,,,,,,,,
644.0,,,,,,,,,,,,,
645.0,,,,,,,,,,,,,
646.0,,,,0.00509031,,,,,,,,,
647.0,,,,0.026897,,,,,,,,,
648.0,,,,0.12088,,,,,,,,,
649.0,,,,0.337423,,,,,,,,,
650.0,,,,0.603625,,,,,,,,,
651.0,,,,0.810968,,,,,,,,,
652.0,,,,0.915738,,,,,,,,,
653.0,,,,0.926053,,,,,,,,,
654.0,,,,0.920832,,,,,,,,,
655.0,,,,0.911237,,,,,,,,,
656.0,,,,0.902006,,,,,,,,,
657.0,,,,0.897081,,,,,,,,,
658.0,,,,0.899066,,,,,,,,,
659.0,,,,0.900672,,,,,,,,,
660.0,,,,0.902488,,,,,,,,,
661.0,,,,0.906886,,,,,,,,,
662.0,,,,0.915611,,,,,,,,,
663.0,,,,0.927756,,,,,,,,,
664.0,,,,0.941056,,,,,,,,,
665.0,,,,0.954197,,,,,,,,,
666.0,,,,0.966908,,,,,,,,,
667.0,,,,0.98139,,,,,,,,,
668.0,,,,0.991619,,,,,,,,,
669.0,,,,1.0,,,,,,,,,
670.0,,,,0.999754,,,,,,,,,
671.0,,,,0.994047,,,,,,,,,
672.0,,,,0.981793,,,,,,,,,
673.0,,,,0.968693,,,,,,,,,
674.0,,,,0.957608,,,,,,,,,
675.0,,,,0.945645,,,,,,,,,
676.0,,,,0.92581,,,,,,,,,
677.0,,,,0.897153,,,,,,,,,
678.0,,,,0.838534,,,,,,,,,
679.0,,,,0.698447,,,,,,,,,
680.0,,,,0.493503,,,,,,,,,
681.0,,,,0.276901,,,,,,,,,
682.0,,,,0.107781,,,,,,,,,
683.0,,,,0.0299138,,,,,,,,,
684.0,,,,0.00733667,,,,,,,,,
685.0,,,,0.000838123,,,,,,,,,
686.0,,,,,,,,,,,,,
687.0,,,,,,,,,,,,,
688.0,,,,,,,,,,,,,
689.0,,,,,,,,,,,,,
690.0,,,,,,,,,,,,,
691.0,,,,,,,,,,,,,
692.0,,,,,,,,,,,,,
693.0,,,,,,,,,,,,,
694.0,,,,,0.0104718,,,,,,,,
695.0,,,,,0.0572525,,,,,,,,
696.0,,,,,0.214725,,,,,,,,
697.0,,,,,0.547189,,,,,,,,
698.0,,,,,0.871044,,,,,,,,
699.0,,,,,0.968447,,,,,,,,
700.0,,,,,0.991242,,,,,,,,
701.0,,,,,1.0,,,,,,,,
702.0,,,,,0.995093,,,,,,,,
703.0,,,,,0.987602,,,,,,,,
704.0,,,,,0.979409,,,,,,,,
705.0,,,,,0.970911,,,,,,,,
706.0,,,,,0.959528,,,,,,,,
707.0,,,,,0.942369,,,,,,,,
708.0,,,,,0.92672,,,,,,,,
709.0,,,,,0.894557,,,,,,,,
710.0,,,,,0.767248,,,,,,,,
711.0,,,,,0.504134,,,,,,,,
712.0,,,,,0.180611,,,,,,,,
713.0,,,,,0.0340197,,,,,,,,
714.0,,,,,0.00243694,,,,,,,,
715.0,,,,,,,,,,,,,
716.0,,,,,,,,,,,,,
717.0,,,,,,,,,,,,,
718.0,,,,,,,,,,,,,
719.0,,,,,,,,,,,,,
720.0,,,,,,,,,,,,,
721.0,,,,,,,,,,,,,
722.0,,,,,,,,,,,,,
723.0,,,,,,,,,,,,,
724.0,,,,,,,,,,,,,
725.0,,,,,,,,,,,,,
726.0,,,,,,,,,,,,,
727.0,,,,,,,,,,,,,
728.0,,,,,,,,,,,,,
729.0,,,,,,,,,,,,,
730.0,,,,,,0.0174338,,,,,,,
731.0,,,,,,0.105813,,,,,,,
732.0,,,,,,0.386051,,,,,,,
733.0,,,,,,0.782313,,,,,,,
734.0,,,,,,0.905953,,,,,,,
735.0,,,,,,0.916417,,,,,,,
736.0,,,,,,0.923334,,,,,,,
737.0,,,,,,0.932013,,,,,,,
738.0,,,,,,0.94755,,,,,,,
739.0,,,,,,0.96584,,,,,,,
740.0,,,,,,0.978553,,,,,,,
741.0,,,,,,0.99132,,,,,,,
742.0,,,,,,1.0,,,,,,,
743.0,,,,,,0.999956,,,,,,,
744.0,,,,,,0.971267,,,,,,,
745.0,,,,,,0.819175,,,,,,,
746.0,,,,,,0.467396,,,,,,,
747.0,,,,,,0.0941209,,,,,,,
748.0,,,,,,0.00983401,,,,,,,
749.0,,,,,,,,,,,,,
750.0,,,,,,,,,,,,,
751.0,,,,,,,,,,,,,
752.0,,,,,,,,,,,,,
753.0,,,,,,,,,,,,,
754.0,,,,,,,,,,,,,
755.0,,,,,,,,,,,,,
756.0,,,,,,,,,,,,,
757.0,,,,,,,,,,,,,
758.0,,,,,,,,,,,,,
759.0,,,,,,,,,,,,,
760.0,,,,,,,,,,,,,
761.0,,,,,,,,,,,,,
762.0,,,,,,,,,,,,,
763.0,,,,,,,,,,,,,
764.0,,,,,,,,,,,,,
765.0,,,,,,,,,,,,,
766.0,,,,,,,0.010282,,,,,,
767.0,,,,,,,0.0374277,,,,,,
768.0,,,,,,,0.112027,,,,,,
769.0,,,,,,,0.257954,,,,,,
770.0,,,,,,,0.478981,,,,,,
771.0,,,,,,,0.730217,,,,,,
772.0,,,,,,,0.91251,,,,,,
773.0,,,,,,,0.971721,,,,,,
774.0,,,,,,,0.964616,0.000386696,,,,,
775.0,,,,,,,0.955735,0.0030184,,,,,
776.0,,,,,,,0.964926,0.0166916,,,,,
777.0,,,,,,,0.986223,0.0283405,,,,,
778.0,,,,,,,1.0,0.0502885,,,,,
779.0,,,,,,,0.998047,0.0862639,,,,,
780.0,,,,,,,0.983934,0.149597,,,,,
781.0,,,,,,,0.965696,0.258429,,,,,
782.0,,,,,,,0.947277,0.425108,,,,,
783.0,,,,,,,0.927084,0.631698,,,,,
784.0,,,,,,,0.909765,0.803109,,,,,
785.0,,,,,,,0.886949,0.904985,,,,,
786.0,,,,,,,0.859517,0.939675,,,,,
787.0,,,,,,,0.827959,0.944959,,,,,
788.0,,,,,,,0.776384,0.948239,,,,,
789.0,,,,,,,0.671173,0.963881,,,,,
790.0,,,,,,,0.48181,0.979862,,,,,
791.0,,,,,,,0.236252,0.991636,,,,,
792.0,,,,,,,0.0695384,0.996362,,,,,
793.0,,,,,,,0.013432,1.0,,,,,
794.0,,,,,,,0.00125768,0.998258,,,,,
795.0,,,,,,,,0.998489,,,,,
796.0,,,,,,,,0.989253,,,,,
797.0,,,,,,,,0.982941,,,,,
798.0,,,,,,,,0.96819,,,,,
799.0,,,,,,,,0.958222,,,,,
800.0,,,,,,,,0.95165,,,,,
801.0,,,,,,,,0.947055,,,,,
802.0,,,,,,,,0.944167,,,,,
803.0,,,,,,,,0.948383,,,,,
804.0,,,,,,,,0.946461,,,,,
805.0,,,,,,,,0.942133,,,,,
806.0,,,,,,,,0.929937,,,,,
807.0,,,,,,,,0.914684,,,,,
808.0,,,,,,,,0.893249,,,,,
809.0,,,,,,,,0.873038,,,,,
810.0,,,,,,,,0.852648,,,,,
811.0,,,,,,,,0.836447,,,,,
812.0,,,,,,,,0.824301,,,,,
813.0,,,,,,,,0.814333,,,,,
814.0,,,,,,,,0.810956,,,,,
815.0,,,,,,,,0.803716,,,,,
816.0,,,,,,,,0.79198,,,,,
817.0,,,,,,,,0.78327,,,,,
818.0,,,,,,,,0.767839,,,,,
819.0,,,,,,,,0.754167,,,,,
820.0,,,,,,,,0.742309,,,,,
821.0,,,,,,,,0.727236,,,,,
822.0,,,,,,,,0.719323,,,,,
823.0,,,,,,,,0.713866,,,,,
824.0,,,,,,,,0.718941,,,,,
825.0,,,,,,,,0.726528,,,,,
826.0,,,,,,,,0.738324,,,,,
827.0,,,,,,,,0.750211,,,,,
828.0,,,,,,,,0.7618,,,,,
829.0,,,,,,,,0.7699,,,,,
830.0,,,,,,,,0.781725,,,,,
831.0,,,,,,,,0.78381,,,,,
832.0,,,,,,,,0.78307,,,,,
833.0,,,,,,,,0.782719,,,,,
834.0,,,,,,,,0.781644,,,,,
835.0,,,,,,,,0.78038,,,,,
836.0,,,,,,,,0.781443,,,,,
837.0,,,,,,,,0.781701,,,,,
838.0,,,,,,,,0.781774,,,,,
839.0,,,,,,,,0.780065,,,,,
840.0,,,,,,,,0.777592,,,,,
841.0,,,,,,,,0.770832,,,,,
842.0,,,,,,,,0.764575,,,,,
843.0,,,,,,,,0.753877,,,,,
844.0,,,,,,,,0.743325,,,,,
845.0,,,,,,,,0.733776,,,,,
846.0,,,,,,,,0.722498,,,,,
847.0,,,,,,,,0.712901,,,,,
848.0,,,,,,,,0.699439,0.00166175,,,,
849.0,,,,,,,,0.688575,0.0160258,,,,
850.0,,,,,,,,0.674039,0.0322539,,,,
851.0,,,,,,,,0.657553,0.0734113,,,,
852.0,,,,,,,,0.64373,0.168938,,,,
853.0,,,,,,,,0.628654,0.345506,,,,
854.0,,,,,,,,0.614006,0.569417,,,,
855.0,,,,,,,,0.603233,0.79635,,,,
856.0,,,,,,,,0.594983,0.937581,,,,
857.0,,,,,,,,0.588092,0.980943,,,,
858.0,,,,,,,,0.585186,0.987241,,,,
859.0,,,,,,,,0.582889,0.994409,,,,
860.0,,,,,,,,0.581494,0.998964,,,,
861.0,,,,,,,,0.580137,0.999788,,,,
862.0,,,,,,,,0.574805,1.0,,,,
863.0,,,,,,,,0.576655,0.994482,,,,
864.0,,,,,,,,0.5724,0.987807,,,,
865.0,,,,,,,,0.570993,0.983157,,,,
866.0,,,,,,,,0.569291,0.979827,,,,
867.0,,,,,,,,0.571025,0.97509,,,,
868.0,,,,,,,,0.570861,0.972819,,,,
869.0,,,,,,,,0.572213,0.96632,,,,
870.0,,,,,,,,0.575418,0.958195,,,,
871.0,,,,,,,,0.577804,0.941871,,,,
872.0,,,,,,,,0.579604,0.894185,,,,
873.0,,,,,,,,0.579295,0.778589,,,,
874.0,,,,,,,,0.578302,0.597363,,,,
875.0,,,,,,,,0.575656,0.377361,,,,
876.0,,,,,,,,0.569722,0.184668,,,,
877.0,,,,,,,,0.561891,0.0790455,,,,
878.0,,,,,,,,0.556831,0.0333933,,,,
879.0,,,,,,,,0.549385,0.0158085,,,,
880.0,,,,,,,,0.545858,0.00162404,,,,
881.0,,,,,,,,0.542536,,,,,
882.0,,,,,,,,0.541895,,,,,
883.0,,,,,,,,0.539852,,,,,
884.0,,,,,,,,0.537997,,,,,
885.0,,,,,,,,0.531955,,,,,
886.0,,,,,,,,0.522276,,,,,
887.0,,,,,,,,0.505572,,,,,
888.0,,,,,,,,0.488042,,,,,
889.0,,,,,,,,0.46961,,,,,
890.0,,,,,,,,0.456107,,,,,
891.0,,,,,,,,0.445849,,,,,
892.0,,,,,,,,0.44312,,,,,
893.0,,,,,,,,0.445581,,,,,
894.0,,,,,,,,0.447533,,,,,
895.0,,,,,,,,0.440183,,,,,
896.0,,,,,,,,0.41824,,,,,
897.0,,,,,,,,0.369456,,,,,
898.0,,,,,,,,0.301788,,,,,
899.0,,,,,,,,0.235015,,,,,
900.0,,,,,,,,0.174245,,,,,
901.0,,,,,,,,0.122383,,,,,
902.0,,,,,,,,0.0834628,,,,,
903.0,,,,,,,,0.0561622,,,,,
904.0,,,,,,,,0.038006,,,,,
905.0,,,,,,,,0.0242402,,,,,
906.0,,,,,,,,0.014846,,,,,
907.0,,,,,,,,0.0061329,,,,,
908.0,,,,,,,,,,,,,
909.0,,,,,,,,,,,,,
910.0,,,,,,,,,,,,,
911.0,,,,,,,,,,,,,
912.0,,,,,,,,,,,,,
913.0,,,,,,,,,,,,,
914.0,,,,,,,,,,,,,
915.0,,,,,,,,,,,,,
916.0,,,,,,,,,,,,,
917.0,,,,,,,,,,,,,
918.0,,,,,,,,,,,,,
919.0,,,,,,,,,,,,,
920.0,,,,,,,,,,,,,
921.0,,,,,,,,,,,,,
922.0,,,,,,,,,,,,,
923.0,,,,,,,,,,,,,
924.0,,,,,,,,,,,,,
925.0,,,,,,,,,,,,,
926.0,,,,,,,,,,,,,
927.0,,,,,,,,,,,,,
928.0,,,,,,,,,,,,,
929.0,,,,,,,,,,,,,
930.0,,,,,,,,,,0.0121211,,,
931.0,,,,,,,,,,0.0460224,,,
932.0,,,,,,,,,,0.151408,,,
933.0,,,,,,,,,,0.358642,,,
934.0,,,,,,,,,,0.606574,,,
935.0,,,,,,,,,,0.837342,,,
936.0,,,,,,,,,,0.933378,,,
937.0,,,,,,,,,,0.941429,,,
938.0,,,,,,,,,,0.957293,,,
939.0,,,,,,,,,,0.989804,,,
940.0,,,,,,,,,,0.997445,,,
941.0,,,,,,,,,,1.0,,,
942.0,,,,,,,,,,0.986378,,,
943.0,,,,,,,,,,0.974192,,,
944.0,,,,,,,,,,0.958969,,,
945.0,,,,,,,,,,0.973777,,,
946.0,,,,,,,,,,0.950412,,,
947.0,,,,,,,,,,0.945788,,,
948.0,,,,,,,,,,0.909974,,,
949.0,,,,,,,,,,0.887003,,,
950.0,,,,,,,,,,0.855136,,,
951.0,,,,,,,,,,0.836538,,,
952.0,,,,,,,,,,0.718536,,,
953.0,,,,,,,,,,0.523691,,,
954.0,,,,,,,,,,0.269749,,,
955.0,,,,,,,,,,0.0948008,,,
956.0,,,,,,,,,,0.0263876,,,
957.0,,,,,,,,,,0.00343341,,,
958.0,,,,,,,,,,,,,
959.0,,,,,,,,,,,,,
960.0,,,,,,,,,,,,,
961.0,,,,,,,,,,,,,
962.0,,,,,,,,,,,,,
963.0,,,,,,,,,,,,,
964.0,,,,,,,,,,,,,
965.0,,,,,,,,,,,,,
966.0,,,,,,,,,,,,,
967.0,,,,,,,,,,,,,
968.0,,,,,,,,,,,,,
969.0,,,,,,,,,,,,,
970.0,,,,,,,,,,,,,
971.0,,,,,,,,,,,,,
972.0,,,,,,,,,,,,,
973.0,,,,,,,,,,,,,
974.0,,,,,,,,,,,,,
975.0,,,,,,,,,,,,,
976.0,,,,,,,,,,,,,
977.0,,,,,,,,,,,,,
978.0,,,,,,,,,,,,,
979.0,,,,,,,,,,,,,
980.0,,,,,,,,,,,,,
981.0,,,,,,,,,,,,,
982.0,,,,,,,,,,,,,
983.0,,,,,,,,,,,,,
984.0,,,,,,,,,,,,,
985.0,,,,,,,,,,,,,
986.0,,,,,,,,,,,,,
987.0,,,,,,,,,,,,,
988.0,,,,,,,,,,,,,
989.0,,,,,,,,,,,,,
990.0,,,,,,,,,,,,,
991.0,,,,,,,,,,,,,
992.0,,,,,,,,,,,,,
993.0,,,,,,,,,,,,,
994.0,,,,,,,,,,,,,
995.0,,,,,,,,,,,,,
996.0,,,,,,,,,,,,,
997.0,,,,,,,,,,,,,
998.0,,,,,,,,,,,,,
999.0,,,,,,,,,,,,,
1000.0,,,,,,,,,,,,,
1001.0,,,,,,,,,,,,,
1002.0,,,,,,,,,,,,,
1003.0,,,,,,,,,,,,,
1004.0,,,,,,,,,,,,,
1005.0,,,,,,,,,,,,,
1006.0,,,,,,,,,,,,,
1007.0,,,,,,,,,,,,,
1008.0,,,,,,,,,,,,,
1009.0,,,,,,,,,,,,,
1010.0,,,,,,,,,,,,,
1011.0,,,,,,,,,,,,,
1012.0,,,,,,,,,,,,,
1013.0,,,,,,,,,,,,,
1014.0,,,,,,,,,,,,,
1015.0,,,,,,,,,,,,,
1016.0,,,,,,,,,,,,,
1017.0,,,,,,,,,,,,,
1018.0,,,,,,,,,,,,,
1019.0,,,,,,,,,,,,,
1020.0,,,,,,,,,,,,,
1021.0,,,,,,,,,,,,,
1022.0,,,,,,,,,,,,,
1023.0,,,,,,,,,,,,,
1024.0,,,,,,,,,,,,,
1025.0,,,,,,,,,,,,,
1026.0,,,,,,,,,,,,,
1027.0,,,,,,,,,,,,,
1028.0,,,,,,,,,,,,,
1029.0,,,,,,,,,,,,,
1030.0,,,,,,,,,,,,,
1031.0,,,,,,,,,,,,,
1032.0,,,,,,,,,,,,,
1033.0,,,,,,,,,,,,,
1034.0,,,,,,,,,,,,,
1035.0,,,,,,,,,,,,,
1036.0,,,,,,,,,,,,,
1037.0,,,,,,,,,,,,,
1038.0,,,,,,,,,,,,,
1039.0,,,,,,,,,,,,,
1040.0,,,,,,,,,,,,,
1041.0,,,,,,,,,,,,,
1042.0,,,,,,,,,,,,,
1043.0,,,,,,,,,,,,,
1044.0,,,,,,,,,,,,,
1045.0,,,,,,,,,,,,,
1046.0,,,,,,,,,,,,,
1047.0,,,,,,,,,,,,,
1048.0,,,,,,,,,,,,,
1049.0,,,,,,,,,,,,,
1050.0,,,,,,,,,,,,,
1051.0,,,,,,,,,,,,,
1052.0,,,,,,,,,,,,,
1053.0,,,,,,,,,,,,,
1054.0,,,,,,,,,,,,,
1055.0,,,,,,,,,,,,,
1056.0,,,,,,,,,,,,,
1057.0,,,,,,,,,,,,,
1058.0,,,,,,,,,,,,,
1059.0,,,,,,,,,,,,,
1060.0,,,,,,,,,,,,,
1061.0,,,,,,,,,,,,,
1062.0,,,,,,,,,,,,,
1063.0,,,,,,,,,,,,,
1064.0,,,,,,,,,,,,,
1065.0,,,,,,,,,,,,,
1066.0,,,,,,,,,,,,,
1067.0,,,,,,,,,,,,,
1068.0,,,,,,,,,,,,,
1069.0,,,,,,,,,,,,,
1070.0,,,,,,,,,,,,,
1071.0,,,,,,,,,,,,,
1072.0,,,,,,,,,,,,,
1073.0,,,,,,,,,,,,,
1074.0,,,,,,,,,,,,,
1075.0,,,,,,,,,,,,,
1076.0,,,,,,,,,,,,,
1077.0,,,,,,,,,,,,,
1078.0,,,,,,,,,,,,,
1079.0,,,,,,,,,,,,,
1080.0,,,,,,,,,,,,,
1081.0,,,,,,,,,,,,,
1082.0,,,,,,,,,,,,,
1083.0,,,,,,,,,,,,,
1084.0,,,,,,,,,,,,,
1085.0,,,,,,,,,,,,,
1086.0,,,,,,,,,,,,,
1087.0,,,,,,,,,,,,,
1088.0,,,,,,,,,,,,,
1089.0,,,,,,,,,,,,,
1090.0,,,,,,,,,,,,,
1091.0,,,,,,,,,,,,,
1092.0,,,,,,,,,,,,,
1093.0,,,,,,,,,,,,,
1094.0,,,,,,,,,,,,,
1095.0,,,,,,,,,,,,,
1096.0,,,,,,,,,,,,,
1097.0,,,,,,,,,,,,,
1098.0,,,,,,,,,,,,,
1099.0,,,,,,,,,,,,,
1100.0,,,,,,,,,,,,,
1101.0,,,,,,,,,,,,,
1102.0,,,,,,,,,,,,,
1103.0,,,,,,,,,,,,,
1104.0,,,,,,,,,,,,,
1105.0,,,,,,,,,,,,,
1106.0,,,,,,,,,,,,,
1107.0,,,,,,,,,,,,,
1108.0,,,,,,,,,,,,,
1109.0,,,,,,,,,,,,,
1110.0,,,,,,,,,,,,,
1111.0,,,,,,,,,,,,,
1112.0,,,,,,,,,,,,,
1113.0,,,,,,,,,,,,,
1114.0,,,,,,,,,,,,,
1115.0,,,,,,,,,,,,,
1116.0,,,,,,,,,,,,,
1117.0,,,,,,,,,,,,,
1118.0,,,,,,,,,,,,,
1119.0,,,,,,,,,,,,,
1120.0,,,,,,,,,,,,,
1121.0,,,,,,,,,,,,,
1122.0,,,,,,,,,,,,,
1123.0,,,,,,,,,,,,,
1124.0,,,,,,,,,,,,,
1125.0,,,,,,,,,,,,,
1126.0,,,,,,,,,,,,,
1127.0,,,,,,,,,,,,,
1128.0,,,,,,,,,,,,,
1129.0,,,,,,,,,,,,,
1130.0,,,,,,,,,,,,,
1131.0,,,,,,,,,,,,,
1132.0,,,,,,,,,,,,,
1133.0,,,,,,,,,,,,,
1134.0,,,,,,,,,,,,,
1135.0,,,,,,,,,,,,,
1136.0,,,,,,,,,,,,,
1137.0,,,,,,,,,,,,,
1138.0,,,,,,,,,,,,,
1139.0,,,,,,,,,,,,,
1140.0,,,,,,,,,,,,,
1141.0,,,,,,,,,,,,,
1142.0,,,,,,,,,,,,,
1143.0,,,,,,,,,,,,,
1144.0,,,,,,,,,,,,,
1145.0,,,,,,,,,,,,,
1146.0,,,,,,,,,,,,,
1147.0,,,,,,,,,,,,,
1148.0,,,,,,,,,,,,,
1149.0,,,,,,,,,,,,,
1150.0,,,,,,,,,,,,,
1151.0,,,,,,,,,,,,,
1152.0,,,,,,,,,,,,,
1153.0,,,,,,,,,,,,,
1154.0,,,,,,,,,,,,,
1155.0,,,,,,,,,,,,,
1156.0,,,,,,,,,,,,,
1157.0,,,,,,,,,,,,,
1158.0,,,,,,,,,,,,,
1159.0,,,,,,,,,,,,,
1160.0,,,,,,,,,,,,,
1161.0,,,,,,,,,,,,,
1162.0,,,,,,,,,,,,,
1163.0,,,,,,,,,,,,,
1164.0,,,,,,,,,,,,,
1165.0,,,,,,,,,,,,,
1166.0,,,,,,,,,,,,,
1167.0,,,,,,,,,,,,,
1168.0,,,,,,,,,,,,,
1169.0,,,,,,,,,,,,,
1170.0,,,,,,,,,,,,,
1171.0,,,,,,,,,,,,,
1172.0,,,,,,,,,,,,,
1173.0,,,,,,,,,,,,,
1174.0,,,,,,,,,,,,,
1175.0,,,,,,,,,,,,,
1176.0,,,,,,,,,,,,,
1177.0,,,,,,,,,,,,,
1178.0,,,,,,,,,,,,,
1179.0,,,,,,,,,,,,,
1180.0,,,,,,,,,,,,,
1181.0,,,,,,,,,,,,,
1182.0,,,,,,,,,,,,,
1183.0,,,,,,,,,,,,,
1184.0,,,,,,,,,,,,,
1185.0,,,,,,,,,,,,,
1186.0,,,,,,,,,,,,,
1187.0,,,,,,,,,,,,,
1188.0,,,,,,,,,,,,,
1189.0,,,,,,,,,,,,,
1190.0,,,,,,,,,,,,,
1191.0,,,,,,,,,,,,,
1192.0,,,,,,,,,,,,,
1193.0,,,,,,,,,,,,,
1194.0,,,,,,,,,,,,,
1195.0,,,,,,,,,,,,,
1196.0,,,,,,,,,,,,,
1197.0,,,,,,,,,,,,,
1198.0,,,,,,,,,,,,,
1199.0,,,,,,,,,,,,,
1200.0,,,,,,,,,,,,,
1201.0,,,,,,,,,,,,,
1202.0,,,,,,,,,,,,,
1203.0,,,,,,,,,,,,,
1204.0,,,,,,,,,,,,,
1205.0,,,,,,,,,,,,,
1206.0,,,,,,,,,,,,,
1207.0,,,,,,,,,,,,,
1208.0,,,,,,,,,,,,,
1209.0,,,,,,,,,,,,,
1210.0,,,,,,,,,,,,,
1211.0,,,,,,,,,,,,,
1212.0,,,,,,,,,,,,,
1213.0,,,,,,,,,,,,,
1214.0,,,,,,,,,,,,,
1215.0,,,,,,,,,,,,,
1216.0,,,,,,,,,,,,,
1217.0,,,,,,,,,,,,,
1218.0,,,,,,,,,,,,,
1219.0,,,,,,,,,,,,,
1220.0,,,,,,,,,,,,,
1221.0,,,,,,,,,,,,,
1222.0,,,,,,,,,,,,,
1223.0,,,,,,,,,,,,,
1224.0,,,,,,,,,,,,,
1225.0,,,,,,,,,,,,,
1226.0,,,,,,,,,,,,,
1227.0,,,,,,,,,,,,,
1228.0,,,,,,,,,,,,,
1229.0,,,,,,,,,,,,,
1230.0,,,,,,,,,,,,,
1231.0,,,,,,,,,,,,,
1232.0,,,,,,,,,,,,,
1233.0,,,,,,,,,,,,,
1234.0,,,,,,,,,,,,,
1235.0,,,,,,,,,,,,,
1236.0,,,,,,,,,,,,,
1237.0,,,,,,,,,,,,,
1238.0,,,,,,,,,,,,,
1239.0,,,,,,,,,,,,,
1240.0,,,,,,,,,,,,,
1241.0,,,,,,,,,,,,,
1242.0,,,,,,,,,,,,,
1243.0,,,,,,,,,,,,,
1244.0,,,,,,,,,,,,,
1245.0,,,,,,,,,,,,,
1246.0,,,,,,,,,,,,,
1247.0,,,,,,,,,,,,,
1248.0,,,,,,,,,,,,,
1249.0,,,,,,,,,,,,,
1250.0,,,,,,,,,,,,,
1251.0,,,,,,,,,,,,,
1252.0,,,,,,,,,,,,,
1253.0,,,,,,,,,,,,,
1254.0,,,,,,,,,,,,,
1255.0,,,,,,,,,,,,,
1256.0,,,,,,,,,,,,,
1257.0,,,,,,,,,,,,,
1258.0,,,,,,,,,,,,,
1259.0,,,,,,,,,,,,,
1260.0,,,,,,,,,,,,,
1261.0,,,,,,,,,,,,,
1262.0,,,,,,,,,,,,,
1263.0,,,,,,,,,,,,,
1264.0,,,,,,,,,,,,,
1265.0,,,,,,,,,,,,,
1266.0,,,,,,,,,,,,,
1267.0,,,,,,,,,,,,,
1268.0,,,,,,,,,,,,,
1269.0,,,,,,,,,,,,,
1270.0,,,,,,,,,,,,,
1271.0,,,,,,,,,,,,,
1272.0,,,,,,,,,,,,,
1273.0,,,,,,,,,,,,,
1274.0,,,,,,,,,,,,,
1275.0,,,,,,,,,,,,,
1276.0,,,,,,,,,,,,,
1277.0,,,,,,,,,,,,,
1278.0,,,,,,,,,,,,,
1279.0,,,,,,,,,,,,,
1280.0,,,,,,,,,,,,,
1281.0,,,,,,,,,,,,,
1282.0,,,,,,,,,,,,,
1283.0,,,,,,,,,,,,,
1284.0,,,,,,,,,,,,,
1285.0,,,,,,,,,,,,,
1286.0,,,,,,,,,,,,,
1287.0,,,,,,,,,,,,,
1288.0,,,,,,,,,,,,,
1289.0,,,,,,,,,,,,,
1290.0,,,,,,,,,,,,,
1291.0,,,,,,,,,,,,,
1292.0,,,,,,,,,,,,,
1293.0,,,,,,,,,,,,,
1294.0,,,,,,,,,,,,,
1295.0,,,,,,,,,,,,,
1296.0,,,,,,,,,,,,,
1297.0,,,,,,,,,,,,,
1298.0,,,,,,,,,,,,,
1299.0,,,,,,,,,,,,,
1300.0,,,,,,,,,,,,,
1301.0,,,,,,,,,,,,,
1302.0,,,,,,,,,,,,,
1303.0,,,,,,,,,,,,,
1304.0,,,,,,,,,,,,,
1305.0,,,,,,,,,,,,,
1306.0,,,,,,,,,,,,,
1307.0,,,,,,,,,,,,,
1308.0,,,,,,,,,,,,,
1309.0,,,,,,,,,,,,,
1310.0,,,,,,,,,,,,,
1311.0,,,,,,,,,,,,,
1312.0,,,,,,,,,,,,,
1313.0,,,,,,,,,,,,,
1314.0,,,,,,,,,,,,,
1315.0,,,,,,,,,,,,,
1316.0,,,,,,,,,,,,,
1317.0,,,,,,,,,,,,,
1318.0,,,,,,,,,,,,,
1319.0,,,,,,,,,,,,,
1320.0,,,,,,,,,,,,,
1321.0,,,,,,,,,,,,,
1322.0,,,,,,,,,,,,,
1323.0,,,,,,,,,,,,,
1324.0,,,,,,,,,,,,,
1325.0,,,,,,,,,,,,,
1326.0,,,,,,,,,,,,,
1327.0,,,,,,,,,,,,,
1328.0,,,,,,,,,,,,,
1329.0,,,,,,,,,,,,,
1330.0,,,,,,,,,,,,,
1331.0,,,,,,,,,,,,,
1332.0,,,,,,,,,,,,,
1333.0,,,,,,,,,,,,,
1334.0,,,,,,,,,,,,,
1335.0,,,,,,,,,,,,,
1336.0,,,,,,,,,,,,,
1337.0,,,,,,,,,,,,,
1338.0,,,,,,,,,,,,,
1339.0,,,,,,,,,,,2.4519e-05,,
1340.0,,,,,,,,,,,0.000136201,,
1341.0,,,,,,,,,,,0.000124629,,
1342.0,,,,,,,,,,,8.8936e-05,,
1343.0,,,,,,,,,,,0.000124168,,
1344.0,,,,,,,,,,,9.9355e-05,,
1345.0,,,,,,,,,,,0.000139099,,
1346.0,,,,,,,,,,,0.000157557,,
1347.0,,,,,,,,,,,0.000192392,,
1348.0,,,,,,,,,,,0.00025967,,
1349.0,,,,,,,,,,,0.000322212,,
1350.0,,,,,,,,,,,0.00034665,,
1351.0,,,,,,,,,,,0.000368979,,
1352.0,,,,,,,,,,,0.000547142,,
1353.0,,,,,,,,,,,0.00105094,,
1354.0,,,,,,,,,,,0.00218105,,
1355.0,,,,,,,,,,,0.00479072,,
1356.0,,,,,,,,,,,0.0113103,,
1357.0,,,,,,,,,,,0.0266132,,
1358.0,,,,,,,,,,,0.0575597,,
1359.0,,,,,,,,,,,0.111412,,
1360.0,,,,,,,,,,,0.195341,,
1361.0,,,,,,,,,,,0.313481,,
1362.0,,,,,,,,,,,0.461097,,
1363.0,,,,,,,,,,,0.622195,,
1364.0,,,,,,,,,,,0.770431,,
1365.0,,,,,,,,,,,0.880536,,
1366.0,,,,,,,,,,,0.944739,,
1367.0,,,,,,,,,,,0.973979,,
1368.0,,,,,,,,,,,0.986118,,
1369.0,,,,,,,,,,,0.993032,,
1370.0,,,,,,,,,,,0.997735,,
1371.0,,,,,,,,,,,1.0,,
1372.0,,,,,,,,,,,0.99944,,
1373.0,,,,,,,,,,,0.996198,,
1374.0,,,,,,,,,,,0.990856,,
1375.0,,,,,,,,,,,0.984249,,
1376.0,,,,,,,,,,,0.977116,,
1377.0,,,,,,,,,,,0.970164,,
1378.0,,,,,,,,,,,0.96377,,
1379.0,,,,,,,,,,,0.957577,,
1380.0,,,,,,,,,,,0.951304,,
1381.0,,,,,,,,,,,0.945494,,
1382.0,,,,,,,,,,,0.940718,,
1383.0,,,,,,,,,,,0.937614,,
1384.0,,,,,,,,,,,0.936274,,
1385.0,,,,,,,,,,,0.935168,,
1386.0,,,,,,,,,,,0.930687,,
1387.0,,,,,,,,,,,0.91657,,
1388.0,,,,,,,,,,,0.885721,,
1389.0,,,,,,,,,,,0.831895,,
1390.0,,,,,,,,,,,0.749343,,
1391.0,,,,,,,,,,,0.636159,,
1392.0,,,,,,,,,,,0.498288,,
1393.0,,,,,,,,,,,0.349944,,
1394.0,,,,,,,,,,,0.213254,,
1395.0,,,,,,,,,,,0.110113,,
1396.0,,,,,,,,,,,0.0480816,,
1397.0,,,,,,,,,,,0.0186031,,
1398.0,,,,,,,,,,,0.00719387,,
1399.0,,,,,,,,,,,0.00316376,,
1400.0,,,,,,,,,,,0.00157544,,
1401.0,,,,,,,,,,,0.000851825,,
1402.0,,,,,,,,,,,0.000531218,,
1403.0,,,,,,,,,,,0.00033209,,
1404.0,,,,,,,,,,,0.000194334,,
1405.0,,,,,,,,,,,0.000220804,,
1406.0,,,,,,,,,,,0.000226309,,
1407.0,,,,,,,,,,,0.000181374,,
1408.0,,,,,,,,,,,0.000160139,,
1409.0,,,,,,,,,,,0.000154509,,
1410.0,,,,,,,,,,,0.000147455,,
1411.0,,,,,,,,,,,0.000147793,,
1412.0,,,,,,,,,,,0.000174384,,
1413.0,,,,,,,,,,,0.000234351,,
1414.0,,,,,,,,,,,0.000119559,,
1415.0,,,,,,,,,,,4.3811e-05,,
1416.0,,,,,,,,,,,,,
1417.0,,,,,,,,,,,,,
1418.0,,,,,,,,,,,,,
1419.0,,,,,,,,,,,,,
1420.0,,,,,,,,,,,,,
1421.0,,,,,,,,,,,,,
1422.0,,,,,,,,,,,,,
1423.0,,,,,,,,,,,,,
1424.0,,,,,,,,,,,,,
1425.0,,,,,,,,,,,,,
1426.0,,,,,,,,,,,,,
1427.0,,,,,,,,,,,,,
1428.0,,,,,,,,,,,,,
1429.0,,,,,,,,,,,,,
1430.0,,,,,,,,,,,,,
1431.0,,,,,,,,,,,,,
1432.0,,,,,,,,,,,,,
1433.0,,,,,,,,,,,,,
1434.0,,,,,,,,,,,,,
1435.0,,,,,,,,,,,,,
1436.0,,,,,,,,,,,,,
1437.0,,,,,,,,,,,,,
1438.0,,,,,,,,,,,,,
1439.0,,,,,,,,,,,,,
1440.0,,,,,,,,,,,,,
1441.0,,,,,,,,,,,,,
1442.0,,,,,,,,,,,,,
1443.0,,,,,,,,,,,,,
1444.0,,,,,,,,,,,,,
1445.0,,,,,,,,,,,,,
1446.0,,,,,,,,,,,,,
1447.0,,,,,,,,,,,,,
1448.0,,,,,,,,,,,,,
1449.0,,,,,,,,,,,,,
1450.0,,,,,,,,,,,,,
1451.0,,,,,,,,,,,,,
1452.0,,,,,,,,,,,,,
1453.0,,,,,,,,,,,,,
1454.0,,,,,,,,,,,,,
1455.0,,,,,,,,,,,,,
1456.0,,,,,,,,,,,,,
1457.0,,,,,,,,,,,,,
1458.0,,,,,,,,,,,,,
1459.0,,,,,,,,,,,,,
1460.0,,,,,,,,,,,,,
1461.0,,,,,,,,,,,,,
1462.0,,,,,,,,,,,,,
1463.0,,,,,,,,,,,,,
1464.0,,,,,,,,,,,,,
1465.0,,,,,,,,,,,,,
1466.0,,,,,,,,,,,,,
1467.0,,,,,,,,,,,,,
1468.0,,,,,,,,,,,,,
1469.0,,,,,,,,,,,,,
1470.0,,,,,,,,,,,,,
1471.0,,,,,,,,,,,,,
1472.0,,,,,,,,,,,,,
1473.0,,,,,,,,,,,,,
1474.0,,,,,,,,,,,,,
1475.0,,,,,,,,,,,,,
1476.0,,,,,,,,,,,,,
1477.0,,,,,,,,,,,,,
1478.0,,,,,,,,,,,,,
1479.0,,,,,,,,,,,,,
1480.0,,,,,,,,,,,,,
1481.0,,,,,,,,,,,,,
1482.0,,,,,,,,,,,,,
1483.0,,,,,,,,,,,,,
1484.0,,,,,,,,,,,,,
1485.0,,,,,,,,,,,,,
1486.0,,,,,,,,,,,,,
1487.0,,,,,,,,,,,,,
1488.0,,,,,,,,,,,,,
1489.0,,,,,,,,,,,,,
1490.0,,,,,,,,,,,,,
1491.0,,,,,,,,,,,,,
1492.0,,,,,,,,,,,,,
1493.0,,,,,,,,,,,,,
1494.0,,,,,,,,,,,,,
1495.0,,,,,,,,,,,,,
1496.0,,,,,,,,,,,,,
1497.0,,,,,,,,,,,,,
1498.0,,,,,,,,,,,,,
1499.0,,,,,,,,,,,,,
1500.0,,,,,,,,,,,,,
1501.0,,,,,,,,,,,,,
1502.0,,,,,,,,,,,,,
1503.0,,,,,,,,,,,,,
1504.0,,,,,,,,,,,,,
1505.0,,,,,,,,,,,,,
1506.0,,,,,,,,,,,,,
1507.0,,,,,,,,,,,,,
1508.0,,,,,,,,,,,,,
1509.0,,,,,,,,,,,,,
1510.0,,,,,,,,,,,,,
1511.0,,,,,,,,,,,,,
1512.0,,,,,,,,,,,,,
1513.0,,,,,,,,,,,,,
1514.0,,,,,,,,,,,,,
1515.0,,,,,,,,,,,,,
1516.0,,,,,,,,,,,,,
1517.0,,,,,,,,,,,,,
1518.0,,,,,,,,,,,,,
1519.0,,,,,,,,,,,,,
1520.0,,,,,,,,,,,,,
1521.0,,,,,,,,,,,,,
1522.0,,,,,,,,,,,,,
1523.0,,,,,,,,,,,,,
1524.0,,,,,,,,,,,,,
1525.0,,,,,,,,,,,,,
1526.0,,,,,,,,,,,,,
1527.0,,,,,,,,,,,,,
1528.0,,,,,,,,,,,,,
1529.0,,,,,,,,,,,,,
1530.0,,,,,,,,,,,,,
1531.0,,,,,,,,,,,,,
1532.0,,,,,,,,,,,,,
1533.0,,,,,,,,,,,,,
1534.0,,,,,,,,,,,,,
1535.0,,,,,,,,,,,,,
1536.0,,,,,,,,,,,,,
1537.0,,,,,,,,,,,,,
1538.0,,,,,,,,,,,,1.15e-05,
1539.0,,,,,,,,,,,,2.6996e-05,
1540.0,,,,,,,,,,,,8.1157e-05,
1541.0,,,,,,,,,,,,0.000169507,
1542.0,,,,,,,,,,,,0.000273428,
1543.0,,,,,,,,,,,,0.000343776,
1544.0,,,,,,,,,,,,0.000459515,
1545.0,,,,,,,,,,,,0.000651677,
1546.0,,,,,,,,,,,,0.0008223,
1547.0,,,,,,,,,,,,0.00107675,
1548.0,,,,,,,,,,,,0.00142878,
1549.0,,,,,,,,,,,,0.00195868,
1550.0,,,,,,,,,,,,0.00266082,
1551.0,,,,,,,,,,,,0.003682,
1552.0,,,,,,,,,,,,0.00521731,
1553.0,,,,,,,,,,,,0.00757268,
1554.0,,,,,,,,,,,,0.0112463,
1555.0,,,,,,,,,,,,0.0171314,
1556.0,,,,,,,,,,,,0.0267031,
1557.0,,,,,,,,,,,,0.041389,
1558.0,,,,,,,,,,,,0.0629047,
1559.0,,,,,,,,,,,,0.0944923,
1560.0,,,,,,,,,,,,0.139743,
1561.0,,,,,,,,,,,,0.20076,
1562.0,,,,,,,,,,,,0.281513,
1563.0,,,,,,,,,,,,0.38088,
1564.0,,,,,,,,,,,,0.49021,
1565.0,,,,,,,,,,,,0.606204,
1566.0,,,,,,,,,,,,0.714558,
1567.0,,,,,,,,,,,,0.803515,
1568.0,,,,,,,,,,,,0.869867,
1569.0,,,,,,,,,,,,0.916284,
1570.0,,,,,,,,,,,,0.946609,
1571.0,,,,,,,,,,,,0.963893,
1572.0,,,,,,,,,,,,0.973065,
1573.0,,,,,,,,,,,,0.977057,
1574.0,,,,,,,,,,,,0.977796,
1575.0,,,,,,,,,,,,0.97689,
1576.0,,,,,,,,,,,,0.975338,
1577.0,,,,,,,,,,,,0.973393,
1578.0,,,,,,,,,,,,0.971481,
1579.0,,,,,,,,,,,,0.96974,
1580.0,,,,,,,,,,,,0.969095,
1581.0,,,,,,,,,,,,0.969697,
1582.0,,,,,,,,,,,,0.970522,
1583.0,,,,,,,,,,,,0.972736,
1584.0,,,,,,,,,,,,0.976139,
1585.0,,,,,,,,,,,,0.978945,
1586.0,,,,,,,,,,,,0.981011,
1587.0,,,,,,,,,,,,0.983514,
1588.0,,,,,,,,,,,,0.984837,
1589.0,,,,,,,,,,,,0.984404,
1590.0,,,,,,,,,,,,0.98392,
1591.0,,,,,,,,,,,,0.983373,
1592.0,,,,,,,,,,,,0.981459,
1593.0,,,,,,,,,,,,0.979392,
1594.0,,,,,,,,,,,,0.978058,
1595.0,,,,,,,,,,,,0.976263,
1596.0,,,,,,,,,,,,0.975393,
1597.0,,,,,,,,,,,,0.975709,
1598.0,,,,,,,,,,,,0.976805,
1599.0,,,,,,,,,,,,0.978986,
1600.0,,,,,,,,,,,,0.981999,
1601.0,,,,,,,,,,,,0.985209,
1602.0,,,,,,,,,,,,0.988659,
1603.0,,,,,,,,,,,,0.992332,
1604.0,,,,,,,,,,,,0.994805,
1605.0,,,,,,,,,,,,0.995898,
1606.0,,,,,,,,,,,,0.995903,
1607.0,,,,,,,,,,,,0.994773,
1608.0,,,,,,,,,,,,0.992102,
1609.0,,,,,,,,,,,,0.988592,
1610.0,,,,,,,,,,,,0.984908,
1611.0,,,,,,,,,,,,0.981102,
1612.0,,,,,,,,,,,,0.976805,
1613.0,,,,,,,,,,,,0.973546,
1614.0,,,,,,,,,,,,0.971948,
1615.0,,,,,,,,,,,,0.970536,
1616.0,,,,,,,,,,,,0.970436,
1617.0,,,,,,,,,,,,0.972383,
1618.0,,,,,,,,,,,,0.975244,
1619.0,,,,,,,,,,,,0.978553,
1620.0,,,,,,,,,,,,0.982971,
1621.0,,,,,,,,,,,,0.988085,
1622.0,,,,,,,,,,,,0.992663,
1623.0,,,,,,,,,,,,0.996436,
1624.0,,,,,,,,,,,,0.999061,
1625.0,,,,,,,,,,,,1.0,
1626.0,,,,,,,,,,,,0.999036,
1627.0,,,,,,,,,,,,0.996642,
1628.0,,,,,,,,,,,,0.993294,
1629.0,,,,,,,,,,,,0.989674,
1630.0,,,,,,,,,,,,0.985798,
1631.0,,,,,,,,,,,,0.982153,
1632.0,,,,,,,,,,,,0.979817,
1633.0,,,,,,,,,,,,0.979473,
1634.0,,,,,,,,,,,,0.980263,
1635.0,,,,,,,,,,,,0.982465,
1636.0,,,,,,,,,,,,0.986001,
1637.0,,,,,,,,,,,,0.989562,
1638.0,,,,,,,,,,,,0.991723,
1639.0,,,,,,,,,,,,0.992201,
1640.0,,,,,,,,,,,,0.989392,
1641.0,,,,,,,,,,,,0.982102,
1642.0,,,,,,,,,,,,0.970157,
1643.0,,,,,,,,,,,,0.953187,
1644.0,,,,,,,,,,,,0.932369,
1645.0,,,,,,,,,,,,0.908002,
1646.0,,,,,,,,,,,,0.884087,
1647.0,,,,,,,,,,,,0.864272,
1648.0,,,,,,,,,,,,0.85089,
1649.0,,,,,,,,,,,,0.844206,
1650.0,,,,,,,,,,,,0.843448,
1651.0,,,,,,,,,,,,0.847025,
1652.0,,,,,,,,,,,,0.848702,
1653.0,,,,,,,,,,,,0.84054,
1654.0,,,,,,,,,,,,0.813526,
1655.0,,,,,,,,,,,,0.756843,
1656.0,,,,,,,,,,,,0.670393,
1657.0,,,,,,,,,,,,0.565755,
1658.0,,,,,,,,,,,,0.457566,
1659.0,,,,,,,,,,,,0.353764,
1660.0,,,,,,,,,,,,0.256913,
1661.0,,,,,,,,,,,,0.176281,
1662.0,,,,,,,,,,,,0.115843,
1663.0,,,,,,,,,,,,0.0735128,
1664.0,,,,,,,,,,,,0.0465277,
1665.0,,,,,,,,,,,,0.0290598,
1666.0,,,,,,,,,,,,0.01858,
1667.0,,,,,,,,,,,,0.0124631,
1668.0,,,,,,,,,,,,0.00878944,
1669.0,,,,,,,,,,,,0.00631636,
1670.0,,,,,,,,,,,,0.00458287,
1671.0,,,,,,,,,,,,0.00335939,
1672.0,,,,,,,,,,,,0.002463,
1673.0,,,,,,,,,,,,0.00199074,
1674.0,,,,,,,,,,,,0.00150149,
1675.0,,,,,,,,,,,,0.00112337,
1676.0,,,,,,,,,,,,0.00078272,
1677.0,,,,,,,,,,,,0.000541322,
1678.0,,,,,,,,,,,,0.000281204,
1679.0,,,,,,,,,,,,0.00013347,
1680.0,,,,,,,,,,,,,
1681.0,,,,,,,,,,,,,
1682.0,,,,,,,,,,,,,
1683.0,,,,,,,,,,,,,
1684.0,,,,,,,,,,,,,
1685.0,,,,,,,,,,,,,
1686.0,,,,,,,,,,,,,
1687.0,,,,,,,,,,,,,
1688.0,,,,,,,,,,,,,
1689.0,,,,,,,,,,,,,
1690.0,,,,,,,,,,,,,
1691.0,,,,,,,,,,,,,
1692.0,,,,,,,,,,,,,
1693.0,,,,,,,,,,,,,
1694.0,,,,,,,,,,,,,
1695.0,,,,,,,,,,,,,
1696.0,,,,,,,,,,,,,
1697.0,,,,,,,,,,,,,
1698.0,,,,,,,,,,,,,
1699.0,,,,,,,,,,,,,
1700.0,,,,,,,,,,,,,
1701.0,,,,,,,,,,,,,
1702.0,,,,,,,,,,,,,
1703.0,,,,,,,,,,,,,
1704.0,,,,,,,,,,,,,
1705.0,,,,,,,,,,,,,
1706.0,,,,,,,,,,,,,
1707.0,,,,,,,,,,,,,
1708.0,,,,,,,,,,,,,
1709.0,,,,,,,,,,,,,
1710.0,,,,,,,,,,,,,
1711.0,,,,,,,,,,,,,
1712.0,,,,,,,,,,,,,
1713.0,,,,,,,,,,,,,
1714.0,,,,,,,,,,,,,
1715.0,,,,,,,,,,,,,
1716.0,,,,,,,,,,,,,
1717.0,,,,,,,,,,,,,
1718.0,,,,,,,,,,,,,
1719.0,,,,,,,,,,,,,
1720.0,,,,,,,,,,,,,
1721.0,,,,,,,,,,,,,
1722.0,,,,,,,,,,,,,
1723.0,,,,,,,,,,,,,
1724.0,,,,,,,,,,,,,
1725.0,,,,,,,,,,,,,
1726.0,,,,,,,,,,,,,
1727.0,,,,,,,,,,,,,
1728.0,,,,,,,,,,,,,
1729.0,,,,,,,,,,,,,
1730.0,,,,,,,,,,,,,
1731.0,,,,,,,,,,,,,
1732.0,,,,,,,,,,,,,
1733.0,,,,,,,,,,,,,
1734.0,,,,,,,,,,,,,
1735.0,,,,,,,,,,,,,
1736.0,,,,,,,,,,,,,
1737.0,,,,,,,,,,,,,
1738.0,,,,,,,,,,,,,
1739.0,,,,,,,,,,,,,
1740.0,,,,,,,,,,,,,
1741.0,,,,,,,,,,,,,
1742.0,,,,,,,,,,,,,
1743.0,,,,,,,,,,,,,
1744.0,,,,,,,,,,,,,
1745.0,,,,,,,,,,,,,
1746.0,,,,,,,,,,,,,
1747.0,,,,,,,,,,,,,
1748.0,,,,,,,,,,,,,
1749.0,,,,,,,,,,,,,
1750.0,,,,,,,,,,,,,
1751.0,,,,,,,,,,,,,
1752.0,,,,,,,,,,,,,
1753.0,,,,,,,,,,,,,
1754.0,,,,,,,,,,,,,
1755.0,,,,,,,,,,,,,
1756.0,,,,,,,,,,,,,
1757.0,,,,,,,,,,,,,
1758.0,,,,,,,,,,,,,
1759.0,,,,,,,,,,,,,
1760.0,,,,,,,,,,,,,
1761.0,,,,,,,,,,,,,
1762.0,,,,,,,,,,,,,
1763.0,,,,,,,,,,,,,
1764.0,,,,,,,,,,,,,
1765.0,,,,,,,,,,,,,
1766.0,,,,,,,,,,,,,
1767.0,,,,,,,,,,,,,
1768.0,,,,,,,,,,,,,
1769.0,,,,,,,,,,,,,
1770.0,,,,,,,,,,,,,
1771.0,,,,,,,,,,,,,
1772.0,,,,,,,,,,,,,
1773.0,,,,,,,,,,,,,
1774.0,,,,,,,,,,,,,
1775.0,,,,,,,,,,,,,
1776.0,,,,,,,,,,,,,
1777.0,,,,,,,,,,,,,
1778.0,,,,,,,,,,,,,
1779.0,,,,,,,,,,,,,
1780.0,,,,,,,,,,,,,
1781.0,,,,,,,,,,,,,
1782.0,,,,,,,,,,,,,
1783.0,,,,,,,,,,,,,
1784.0,,,,,,,,,,,,,
1785.0,,,,,,,,,,,,,
1786.0,,,,,,,,,,,,,
1787.0,,,,,,,,,,,,,
1788.0,,,,,,,,,,,,,
1789.0,,,,,,,,,,,,,
1790.0,,,,,,,,,,,,,
1791.0,,,,,,,,,,,,,
1792.0,,,,,,,,,,,,,
1793.0,,,,,,,,,,,,,
1794.0,,,,,,,,,,,,,
1795.0,,,,,,,,,,,,,
1796.0,,,,,,,,,,,,,
1797.0,,,,,,,,,,,,,
1798.0,,,,,,,,,,,,,
1799.0,,,,,,,,,,,,,
1800.0,,,,,,,,,,,,,
1801.0,,,,,,,,,,,,,
1802.0,,,,,,,,,,,,,
1803.0,,,,,,,,,,,,,
1804.0,,,,,,,,,,,,,
1805.0,,,,,,,,,,,,,
1806.0,,,,,,,,,,,,,
1807.0,,,,,,,,,,,,,
1808.0,,,,,,,,,,,,,
1809.0,,,,,,,,,,,,,
1810.0,,,,,,,,,,,,,
1811.0,,,,,,,,,,,,,
1812.0,,,,,,,,,,,,,
1813.0,,,,,,,,,,,,,
1814.0,,,,,,,,,,,,,
1815.0,,,,,,,,,,,,,
1816.0,,,,,,,,,,,,,
1817.0,,,,,,,,,,,,,
1818.0,,,,,,,,,,,,,
1819.0,,,,,,,,,,,,,
1820.0,,,,,,,,,,,,,
1821.0,,,,,,,,,,,,,
1822.0,,,,,,,,,,,,,
1823.0,,,,,,,,,,,,,
1824.0,,,,,,,,,,,,,
1825.0,,,,,,,,,,,,,
1826.0,,,,,,,,,,,,,
1827.0,,,,,,,,,,,,,
1828.0,,,,,,,,,,,,,
1829.0,,,,,,,,,,,,,
1830.0,,,,,,,,,,,,,
1831.0,,,,,,,,,,,,,
1832.0,,,,,,,,,,,,,
1833.0,,,,,,,,,,,,,
1834.0,,,,,,,,,,,,,
1835.0,,,,,,,,,,,,,
1836.0,,,,,,,,,,,,,
1837.0,,,,,,,,,,,,,
1838.0,,,,,,,,,,,,,
1839.0,,,,,,,,,,,,,
1840.0,,,,,,,,,,,,,
1841.0,,,,,,,,,,,,,
1842.0,,,,,,,,,,,,,
1843.0,,,,,,,,,,,,,
1844.0,,,,,,,,,,,,,
1845.0,,,,,,,,,,,,,
1846.0,,,,,,,,,,,,,
1847.0,,,,,,,,,,,,,
1848.0,,,,,,,,,,,,,
1849.0,,,,,,,,,,,,,
1850.0,,,,,,,,,,,,,
1851.0,,,,,,,,,,,,,
1852.0,,,,,,,,,,,,,
1853.0,,,,,,,,,,,,,
1854.0,,,,,,,,,,,,,
1855.0,,,,,,,,,,,,,
1856.0,,,,,,,,,,,,,
1857.0,,,,,,,,,,,,,
1858.0,,,,,,,,,,,,,
1859.0,,,,,,,,,,,,,
1860.0,,,,,,,,,,,,,
1861.0,,,,,,,,,,,,,
1862.0,,,,,,,,,,,,,
1863.0,,,,,,,,,,,,,
1864.0,,,,,,,,,,,,,
1865.0,,,,,,,,,,,,,
1866.0,,,,,,,,,,,,,
1867.0,,,,,,,,,,,,,
1868.0,,,,,,,,,,,,,
1869.0,,,,,,,,,,,,,
1870.0,,,,,,,,,,,,,
1871.0,,,,,,,,,,,,,
1872.0,,,,,,,,,,,,,
1873.0,,,,,,,,,,,,,
1874.0,,,,,,,,,,,,,
1875.0,,,,,,,,,,,,,
1876.0,,,,,,,,,,,,,
1877.0,,,,,,,,,,,,,
1878.0,,,,,,,,,,,,,
1879.0,,,,,,,,,,,,,
1880.0,,,,,,,,,,,,,
1881.0,,,,,,,,,,,,,
1882.0,,,,,,,,,,,,,
1883.0,,,,,,,,,,,,,
1884.0,,,,,,,,,,,,,
1885.0,,,,,,,,,,,,,
1886.0,,,,,,,,,,,,,
1887.0,,,,,,,,,,,,,
1888.0,,,,,,,,,,,,,
1889.0,,,,,,,,,,,,,
1890.0,,,,,,,,,,,,,
1891.0,,,,,,,,,,,,,
1892.0,,,,,,,,,,,,,
1893.0,,,,,,,,,,,,,
1894.0,,,,,,,,,,,,,
1895.0,,,,,,,,,,,,,
1896.0,,,,,,,,,,,,,
1897.0,,,,,,,,,,,,,
1898.0,,,,,,,,,,,,,
1899.0,,,,,,,,,,,,,
1900.0,,,,,,,,,,,,,
1901.0,,,,,,,,,,,,,
1902.0,,,,,,,,,,,,,
1903.0,,,,,,,,,,,,,
1904.0,,,,,,,,,,,,,
1905.0,,,,,,,,,,,,,
1906.0,,,,,,,,,,,,,
1907.0,,,,,,,,,,,,,
1908.0,,,,,,,,,,,,,
1909.0,,,,,,,,,,,,,
1910.0,,,,,,,,,,,,,
1911.0,,,,,,,,,,,,,
1912.0,,,,,,,,,,,,,
1913.0,,,,,,,,,,,,,
1914.0,,,,,,,,,,,,,
1915.0,,,,,,,,,,,,,
1916.0,,,,,,,,,,,,,
1917.0,,,,,,,,,,,,,
1918.0,,,,,,,,,,,,,
1919.0,,,,,,,,,,,,,
1920.0,,,,,,,,,,,,,
1921.0,,,,,,,,,,,,,
1922.0,,,,,,,,,,,,,
1923.0,,,,,,,,,,,,,
1924.0,,,,,,,,,,,,,
1925.0,,,,,,,,,,,,,
1926.0,,,,,,,,,,,,,
1927.0,,,,,,,,,,,,,
1928.0,,,,,,,,,,,,,
1929.0,,,,,,,,,,,,,
1930.0,,,,,,,,,,,,,
1931.0,,,,,,,,,,,,,
1932.0,,,,,,,,,,,,,
1933.0,,,,,,,,,,,,,
1934.0,,,,,,,,,,,,,
1935.0,,,,,,,,,,,,,
1936.0,,,,,,,,,,,,,
1937.0,,,,,,,,,,,,,
1938.0,,,,,,,,,,,,,
1939.0,,,,,,,,,,,,,
1940.0,,,,,,,,,,,,,
1941.0,,,,,,,,,,,,,
1942.0,,,,,,,,,,,,,
1943.0,,,,,,,,,,,,,
1944.0,,,,,,,,,,,,,
1945.0,,,,,,,,,,,,,
1946.0,,,,,,,,,,,,,
1947.0,,,,,,,,,,,,,
1948.0,,,,,,,,,,,,,
1949.0,,,,,,,,,,,,,
1950.0,,,,,,,,,,,,,
1951.0,,,,,,,,,,,,,
1952.0,,,,,,,,,,,,,
1953.0,,,,,,,,,,,,,
1954.0,,,,,,,,,,,,,
1955.0,,,,,,,,,,,,,
1956.0,,,,,,,,,,,,,
1957.0,,,,,,,,,,,,,
1958.0,,,,,,,,,,,,,
1959.0,,,,,,,,,,,,,
1960.0,,,,,,,,,,,,,
1961.0,,,,,,,,,,,,,
1962.0,,,,,,,,,,,,,
1963.0,,,,,,,,,,,,,
1964.0,,,,,,,,,,,,,
1965.0,,,,,,,,,,,,,
1966.0,,,,,,,,,,,,,
1967.0,,,,,,,,,,,,,
1968.0,,,,,,,,,,,,,
1969.0,,,,,,,,,,,,,
1970.0,,,,,,,,,,,,,
1971.0,,,,,,,,,,,,,
1972.0,,,,,,,,,,,,,
1973.0,,,,,,,,,,,,,
1974.0,,,,,,,,,,,,,
1975.0,,,,,,,,,,,,,
1976.0,,,,,,,,,,,,,
1977.0,,,,,,,,,,,,,
1978.0,,,,,,,,,,,,,
1979.0,,,,,,,,,,,,,
1980.0,,,,,,,,,,,,,
1981.0,,,,,,,,,,,,,
1982.0,,,,,,,,,,,,,
1983.0,,,,,,,,,,,,,
1984.0,,,,,,,,,,,,,
1985.0,,,,,,,,,,,,,
1986.0,,,,,,,,,,,,,
1987.0,,,,,,,,,,,,,
1988.0,,,,,,,,,,,,,
1989.0,,,,,,,,,,,,,
1990.0,,,,,,,,,,,,,
1991.0,,,,,,,,,,,,,
1992.0,,,,,,,,,,,,,
1993.0,,,,,,,,,,,,,
1994.0,,,,,,,,,,,,,
1995.0,,,,,,,,,,,,,
1996.0,,,,,,,,,,,,,
1997.0,,,,,,,,,,,,,
1998.0,,,,,,,,,,,,,
1999.0,,,,,,,,,,,,,
2000.0,,,,,,,,,,,,,
2001.0,,,,,,,,,,,,,
2002.0,,,,,,,,,,,,,
2003.0,,,,,,,,,,,,,
2004.0,,,,,,,,,,,,,
2005.0,,,,,,,,,,,,,
2006.0,,,,,,,,,,,,,
2007.0,,,,,,,,,,,,,
2008.0,,,,,,,,,,,,,
2009.0,,,,,,,,,,,,,
2010.0,,,,,,,,,,,,,
2011.0,,,,,,,,,,,,,
2012.0,,,,,,,,,,,,,
2013.0,,,,,,,,,,,,,
2014.0,,,,,,,,,,,,,
2015.0,,,,,,,,,,,,,
2016.0,,,,,,,,,,,,,
2017.0,,,,,,,,,,,,,
2018.0,,,,,,,,,,,,,
2019.0,,,,,,,,,,,,,
2020.0,,,,,,,,,,,,,
2021.0,,,,,,,,,,,,,
2022.0,,,,,,,,,,,,,
2023.0,,,,,,,,,,,,,
2024.0,,,,,,,,,,,,,
2025.0,,,,,,,,,,,,,
2026.0,,,,,,,,,,,,,
2027.0,,,,,,,,,,,,,
2028.0,,,,,,,,,,,,,
2029.0,,,,,,,,,,,,,
2030.0,,,,,,,,,,,,,
2031.0,,,,,,,,,,,,,
2032.0,,,,,,,,,,,,,
2033.0,,,,,,,,,,,,,
2034.0,,,,,,,,,,,,,
2035.0,,,,,,,,,,,,,
2036.0,,,,,,,,,,,,,
2037.0,,,,,,,,,,,,,
2038.0,,,,,,,,,,,,,
2039.0,,,,,,,,,,,,,
2040.0,,,,,,,,,,,,,
2041.0,,,,,,,,,,,,,
2042.0,,,,,,,,,,,,,
2043.0,,,,,,,,,,,,,
2044.0,,,,,,,,,,,,,
2045.0,,,,,,,,,,,,,
2046.0,,,,,,,,,,,,,
2047.0,,,,,,,,,,,,,
2048.0,,,,,,,,,,,,,
2049.0,,,,,,,,,,,,,
2050.0,,,,,,,,,,,,,
2051.0,,,,,,,,,,,,,
2052.0,,,,,,,,,,,,,
2053.0,,,,,,,,,,,,,
2054.0,,,,,,,,,,,,,
2055.0,,,,,,,,,,,,,
2056.0,,,,,,,,,,,,,
2057.0,,,,,,,,,,,,,
2058.0,,,,,,,,,,,,,
2059.0,,,,,,,,,,,,,
2060.0,,,,,,,,,,,,,
2061.0,,,,,,,,,,,,,
2062.0,,,,,,,,,,,,,
2063.0,,,,,,,,,,,,,
2064.0,,,,,,,,,,,,,
2065.0,,,,,,,,,,,,,0.000227567
2066.0,,,,,,,,,,,,,0.000739283
2067.0,,,,,,,,,,,,,0.00165678
2068.0,,,,,,,,,,,,,0.00301959
2069.0,,,,,,,,,,,,,0.00458938
2070.0,,,,,,,,,,,,,0.00592493
2071.0,,,,,,,,,,,,,0.00753477
2072.0,,,,,,,,,,,,,0.00874801
2073.0,,,,,,,,,,,,,0.0102655
2074.0,,,,,,,,,,,,,0.0122362
2075.0,,,,,,,,,,,,,0.0145935
2076.0,,,,,,,,,,,,,0.0174589
2077.0,,,,,,,,,,,,,0.0210632
2078.0,,,,,,,,,,,,,0.0254281
2079.0,,,,,,,,,,,,,0.0306094
2080.0,,,,,,,,,,,,,0.0372345
2081.0,,,,,,,,,,,,,0.0457713
2082.0,,,,,,,,,,,,,0.0563625
2083.0,,,,,,,,,,,,,0.070017
2084.0,,,,,,,,,,,,,0.088005
2085.0,,,,,,,,,,,,,0.110694
2086.0,,,,,,,,,,,,,0.138884
2087.0,,,,,,,,,,,,,0.173288
2088.0,,,,,,,,,,,,,0.214375
2089.0,,,,,,,,,,,,,0.261991
2090.0,,,,,,,,,,,,,0.317228
2091.0,,,,,,,,,,,,,0.380866
2092.0,,,,,,,,,,,,,0.44947
2093.0,,,,,,,,,,,,,0.522785
2094.0,,,,,,,,,,,,,0.598899
2095.0,,,,,,,,,,,,,0.672128
2096.0,,,,,,,,,,,,,0.737899
2097.0,,,,,,,,,,,,,0.792931
2098.0,,,,,,,,,,,,,0.835659
2099.0,,,,,,,,,,,,,0.866335
2100.0,,,,,,,,,,,,,0.88633
2101.0,,,,,,,,,,,,,0.897588
2102.0,,,,,,,,,,,,,0.901518
2103.0,,,,,,,,,,,,,0.900791
2104.0,,,,,,,,,,,,,0.897114
2105.0,,,,,,,,,,,,,0.892353
2106.0,,,,,,,,,,,,,0.887964
2107.0,,,,,,,,,,,,,0.884432
2108.0,,,,,,,,,,,,,0.882095
2109.0,,,,,,,,,,,,,0.881696
2110.0,,,,,,,,,,,,,0.882698
2111.0,,,,,,,,,,,,,0.887154
2112.0,,,,,,,,,,,,,0.892733
2113.0,,,,,,,,,,,,,0.898904
2114.0,,,,,,,,,,,,,0.905619
2115.0,,,,,,,,,,,,,0.912841
2116.0,,,,,,,,,,,,,0.92018
2117.0,,,,,,,,,,,,,0.926913
2118.0,,,,,,,,,,,,,0.933095
2119.0,,,,,,,,,,,,,0.938438
2120.0,,,,,,,,,,,,,0.943377
2121.0,,,,,,,,,,,,,0.945579
2122.0,,,,,,,,,,,,,0.947407
2123.0,,,,,,,,,,,,,0.948568
2124.0,,,,,,,,,,,,,0.94883
2125.0,,,,,,,,,,,,,0.948112
2126.0,,,,,,,,,,,,,0.947116
2127.0,,,,,,,,,,,,,0.946127
2128.0,,,,,,,,,,,,,0.944871
2129.0,,,,,,,,,,,,,0.943485
2130.0,,,,,,,,,,,,,0.941894
2131.0,,,,,,,,,,,,,0.942446
2132.0,,,,,,,,,,,,,0.943274
2133.0,,,,,,,,,,,,,0.944244
2134.0,,,,,,,,,,,,,0.945286
2135.0,,,,,,,,,,,,,0.946212
2136.0,,,,,,,,,,,,,0.947085
2137.0,,,,,,,,,,,,,0.947942
2138.0,,,,,,,,,,,,,0.94894
2139.0,,,,,,,,,,,,,0.94988
2140.0,,,,,,,,,,,,,0.950676
2141.0,,,,,,,,,,,,,0.951054
2142.0,,,,,,,,,,,,,0.951532
2143.0,,,,,,,,,,,,,0.952327
2144.0,,,,,,,,,,,,,0.952721
2145.0,,,,,,,,,,,,,0.952552
2146.0,,,,,,,,,,,,,0.952418
2147.0,,,,,,,,,,,,,0.952654
2148.0,,,,,,,,,,,,,0.952962
2149.0,,,,,,,,,,,,,0.953318
2150.0,,,,,,,,,,,,,0.953779
2151.0,,,,,,,,,,,,,0.954292
2152.0,,,,,,,,,,,,,0.954837
2153.0,,,,,,,,,,,,,0.955539
2154.0,,,,,,,,,,,,,0.95675
2155.0,,,,,,,,,,,,,0.957986
2156.0,,,,,,,,,,,,,0.959237
2157.0,,,,,,,,,,,,,0.960451
2158.0,,,,,,,,,,,,,0.961413
2159.0,,,,,,,,,,,,,0.962644
2160.0,,,,,,,,,,,,,0.964122
2161.0,,,,,,,,,,,,,0.96361
2162.0,,,,,,,,,,,,,0.963105
2163.0,,,,,,,,,,,,,0.962754
2164.0,,,,,,,,,,,,,0.961851
2165.0,,,,,,,,,,,,,0.96073
2166.0,,,,,,,,,,,,,0.959561
2167.0,,,,,,,,,,,,,0.958377
2168.0,,,,,,,,,,,,,0.956972
2169.0,,,,,,,,,,,,,0.95512
2170.0,,,,,,,,,,,,,0.953076
2171.0,,,,,,,,,,,,,0.954061
2172.0,,,,,,,,,,,,,0.955177
2173.0,,,,,,,,,,,,,0.955719
2174.0,,,,,,,,,,,,,0.955675
2175.0,,,,,,,,,,,,,0.955357
2176.0,,,,,,,,,,,,,0.954612
2177.0,,,,,,,,,,,,,0.953454
2178.0,,,,,,,,,,,,,0.952125
2179.0,,,,,,,,,,,,,0.950598
2180.0,,,,,,,,,,,,,0.948594
2181.0,,,,,,,,,,,,,0.948562
2182.0,,,,,,,,,,,,,0.948548
2183.0,,,,,,,,,,,,,0.948296
2184.0,,,,,,,,,,,,,0.947706
2185.0,,,,,,,,,,,,,0.94662
2186.0,,,,,,,,,,,,,0.945216
2187.0,,,,,,,,,,,,,0.943481
2188.0,,,,,,,,,,,,,0.942138
2189.0,,,,,,,,,,,,,0.940655
2190.0,,,,,,,,,,,,,0.938919
2191.0,,,,,,,,,,,,,0.941493
2192.0,,,,,,,,,,,,,0.943779
2193.0,,,,,,,,,,,,,0.945752
2194.0,,,,,,,,,,,,,0.947277
2195.0,,,,,,,,,,,,,0.948482
2196.0,,,,,,,,,,,,,0.949622
2197.0,,,,,,,,,,,,,0.950767
2198.0,,,,,,,,,,,,,0.951991
2199.0,,,,,,,,,,,,,0.953624
2200.0,,,,,,,,,,,,,0.955263
2201.0,,,,,,,,,,,,,0.952413
2202.0,,,,,,,,,,,,,0.950489
2203.0,,,,,,,,,,,,,0.949722
2204.0,,,,,,,,,,,,,0.949105
2205.0,,,,,,,,,,,,,0.949712
2206.0,,,,,,,,,,,,,0.951673
2207.0,,,,,,,,,,,,,0.955012
2208.0,,,,,,,,,,,,,0.959778
2209.0,,,,,,,,,,,,,0.966208
2210.0,,,,,,,,,,,,,0.973886
2211.0,,,,,,,,,,,,,0.97092
2212.0,,,,,,,,,,,,,0.96914
2213.0,,,,,,,,,,,,,0.96833
2214.0,,,,,,,,,,,,,0.967636
2215.0,,,,,,,,,,,,,0.967555
2216.0,,,,,,,,,,,,,0.968041
2217.0,,,,,,,,,,,,,0.968508
2218.0,,,,,,,,,,,,,0.968957
2219.0,,,,,,,,,,,,,0.96951
2220.0,,,,,,,,,,,,,0.969968
2221.0,,,,,,,,,,,,,0.969098
2222.0,,,,,,,,,,,,,0.968258
2223.0,,,,,,,,,,,,,0.96755
2224.0,,,,,,,,,,,,,0.966504
2225.0,,,,,,,,,,,,,0.96546
2226.0,,,,,,,,,,,,,0.964367
2227.0,,,,,,,,,,,,,0.96293
2228.0,,,,,,,,,,,,,0.961666
2229.0,,,,,,,,,,,,,0.960638
2230.0,,,,,,,,,,,,,0.959368
2231.0,,,,,,,,,,,,,0.959707
2232.0,,,,,,,,,,,,,0.96036
2233.0,,,,,,,,,,,,,0.961645
2234.0,,,,,,,,,,,,,0.96273
2235.0,,,,,,,,,,,,,0.963701
2236.0,,,,,,,,,,,,,0.964774
2237.0,,,,,,,,,,,,,0.965513
2238.0,,,,,,,,,,,,,0.966349
2239.0,,,,,,,,,,,,,0.967538
2240.0,,,,,,,,,,,,,0.968868
2241.0,,,,,,,,,,,,,0.970549
2242.0,,,,,,,,,,,,,0.972426
2243.0,,,,,,,,,,,,,0.974301
2244.0,,,,,,,,,,,,,0.976012
2245.0,,,,,,,,,,,,,0.977203
2246.0,,,,,,,,,,,,,0.978986
2247.0,,,,,,,,,,,,,0.980446
2248.0,,,,,,,,,,,,,0.981524
2249.0,,,,,,,,,,,,,0.982532
2250.0,,,,,,,,,,,,,0.983337
2251.0,,,,,,,,,,,,,0.984631
2252.0,,,,,,,,,,,,,0.986738
2253.0,,,,,,,,,,,,,0.989144
2254.0,,,,,,,,,,,,,0.991223
2255.0,,,,,,,,,,,,,0.993185
2256.0,,,,,,,,,,,,,0.995273
2257.0,,,,,,,,,,,,,0.996705
2258.0,,,,,,,,,,,,,0.998282
2259.0,,,,,,,,,,,,,0.999605
2260.0,,,,,,,,,,,,,1.0
2261.0,,,,,,,,,,,,,0.998655
2262.0,,,,,,,,,,,,,0.995753
2263.0,,,,,,,,,,,,,0.990605
2264.0,,,,,,,,,,,,,0.981521
2265.0,,,,,,,,,,,,,0.968715
2266.0,,,,,,,,,,,,,0.951679
2267.0,,,,,,,,,,,,,0.929344
2268.0,,,,,,,,,,,,,0.902305
2269.0,,,,,,,,,,,,,0.870441
2270.0,,,,,,,,,,,,,0.831948
2271.0,,,,,,,,,,,,,0.786119
2272.0,,,,,,,,,,,,,0.736343
2273.0,,,,,,,,,,,,,0.681862
2274.0,,,,,,,,,,,,,0.623138
2275.0,,,,,,,,,,,,,0.564025
2276.0,,,,,,,,,,,,,0.50665
2277.0,,,,,,,,,,,,,0.451376
2278.0,,,,,,,,,,,,,0.400488
2279.0,,,,,,,,,,,,,0.354177
2280.0,,,,,,,,,,,,,0.30984
2281.0,,,,,,,,,,,,,0.269313
2282.0,,,,,,,,,,,,,0.234102
2283.0,,,,,,,,,,,,,0.202253
2284.0,,,,,,,,,,,,,0.17367
2285.0,,,,,,,,,,,,,0.149356
2286.0,,,,,,,,,,,,,0.128957
2287.0,,,,,,,,,,,,,0.111531
2288.0,,,,,,,,,,,,,0.0968995
2289.0,,,,,,,,,,,,,0.0848748
2290.0,,,,,,,,,,,,,0.0740635
2291.0,,,,,,,,,,,,,0.0644693
2292.0,,,,,,,,,,,,,0.0563216
2293.0,,,,,,,,,,,,,0.0493812
2294.0,,,,,,,,,,,,,0.043196
2295.0,,,,,,,,,,,,,0.0379861
2296.0,,,,,,,,,,,,,0.0334688
2297.0,,,,,,,,,,,,,0.0289834
2298.0,,,,,,,,,,,,,0.0250858
2299.0,,,,,,,,,,,,,0.0200077
2300.0,,,,,,,,,,,,,0.0138379
2301.0,,,,,,,,,,,,,0.008464
2302.0,,,,,,,,,,,,,0.0044431
2303.0,,,,,,,,,,,,,0.000848571
2304.0,,,,,,,,,,,,,
2305.0,,,,,,,,,,,,,
2306.0,,,,,,,,,,,,,
2307.0,,,,,,,,,,,,,
2308.0,,,,,,,,,,,,,
2309.0,,,,,,,,,,,,,
2310.0,,,,,,,,,,,,,
2311.0,,,,,,,,,,,,,
2312.0,,,,,,,,,,,,,
2313.0,,,,,,,,,,,,,
2314.0,,,,,,,,,,,,,
2315.0,,,,,,,,,,,,,
2316.0,,,,,,,,,,,,,
2317.0,,,,,,,,,,,,,
2318.0,,,,,,,,,,,,,
2319.0,,,,,,,,,,,,,
2320.0,,,,,,,,,,,,,
2321.0,,,,,,,,,,,,,
2322.0,,,,,,,,,,,,,
2323.0,,,,,,,,,,,,,
2324.0,,,,,,,,,,,,,
2325.0,,,,,,,,,,,,,
2326.0,,,,,,,,,,,,,
2327.0,,,,,,,,,,,,,
2328.0,,,,,,,,,,,,,
2329.0,,,,,,,,,,,,,
2330.0,,,,,,,,,,,,,
2331.0,,,,,,,,,,,,,
2332.0,,,,,,,,,,,,,
2333.0,,,,,,,,,,,,,
2334.0,,,,,,,,,,,,,
2335.0,,,,,,,,,,,,,
2336.0,,,,,,,,,,,,,
2337.0,,,,,,,,,,,,,
2338.0,,,,,,,,,,,,,
2339.0,,,,,,,,,,,,,
2340.0,,,,,,,,,,,,,
2341.0,,,,,,,,,,,,,
2342.0,,,,,,,,,,,,,
2343.0,,,,,,,,,,,,,
2344.0,,,,,,,,,,,,,
2345.0,,,,,,,,,,,,,
2346.0,,,,,,,,,,,,,
2347.0,,,,,,,,,,,,,
2348.0,,,,,,,,,,,,,
2349.0,,,,,,,,,,,,,
2350.0,,,,,,,,,,,,,
2351.0,,,,,,,,,,,,,
2352.0,,,,,,,,,,,,,
2353.0,,,,,,,,,,,,,
2354.0,,,,,,,,,,,,,
2355.0,,,,,,,,,,,,,
2356.0,,,,,,,,,,,,,
2357.0,,,,,,,,,,,,,
2358.0,,,,,,,,,,,,,
2359.0,,,,,,,,,,,,,
2360.0,,,,,,,,,,,,,
2361.0,,,,,,,,,,,,,
2362.0,,,,,,,,,,,,,
2363.0,,,,,,,,,,,,,
2364.0,,,,,,,,,,,,,
2365.0,,,,,,,,,,,,,
2366.0,,,,,,,,,,,,,
2367.0,,,,,,,,,,,,,
2368.0,,,,,,,,,,,,,
2369.0,,,,,,,,,,,,,
2370.0,,,,,,,,,,,,,
2371.0,,,,,,,,,,,,,
2372.0,,,,,,,,,,,,,
2373.0,,,,,,,,,,,,,
2374.0,,,,,,,,,,,,,
2375.0,,,,,,,,,,,,,
2376.0,,,,,,,,,,,,,
2377.0,,,,,,,,,,,,,
2378.0,,,,,,,,,,,,,
2379.0,,,,,,,,,,,,,
2380.0,,,,,,,,,,,,,
2381.0,,,,,,,,,,,,,
2382.0,,,,,,,,,,,,,
2383.0,,,,,,,,,,,,,
2384.0,,,,,,,,,,,,,
2385.0,,,,,,,,,,,,,
2386.0,,,,,,,,,,,,,
2387.0,,,,,,,,,,,,,
2388.0,,,,,,,,,,,,,
2389.0,,,,,,,,,,,,,
2390.0,,,,,,,,,,,,,
2391.0,,,,,,,,,,,,,
2392.0,,,,,,,,,,,,,
2393.0,,,,,,,,,,,,,
2394.0,,,,,,,,,,,,,
2395.0,,,,,,,,,,,,,
2396.0,,,,,,,,,,,,,
2397.0,,,,,,,,,,,,,
2398.0,,,,,,,,,,,,,
2399.0,,,,,,,,,,,,,
2400.0,,,,,,,,,,,,,
2401.0,,,,,,,,,,,,,
2402.0,,,,,,,,,,,,,
2403.0,,,,,,,,,,,,,
2404.0,,,,,,,,,,,,,
2405.0,,,,,,,,,,,,,
2406.0,,,,,,,,,,,,,
2407.0,,,,,,,,,,,,,
2408.0,,,,,,,,,,,,,
2409.0,,,,,,,,,,,,,
2410.0,,,,,,,,,,,,,
2411.0,,,,,,,,,,,,,
2412.0,,,,,,,,,,,,,
2413.0,,,,,,,,,,,,,
2414.0,,,,,,,,,,,,,
2415.0,,,,,,,,,,,,,
2416.0,,,,,,,,,,,,,
2417.0,,,,,,,,,,,,,
2418.0,,,,,,,,,,,,,
2419.0,,,,,,,,,,,,,
2420.0,,,,,,,,,,,,,
2421.0,,,,,,,,,,,,,
2422.0,,,,,,,,,,,,,
2423.0,,,,,,,,,,,,,
2424.0,,,,,,,,,,,,,
2425.0,,,,,,,,,,,,,
2426.0,,,,,,,,,,,,,
2427.0,,,,,,,,,,,,,
2428.0,,,,,,,,,,,,,
2429.0,,,,,,,,,,,,,
2430.0,,,,,,,,,,,,,
2431.0,,,,,,,,,,,,,
2432.0,,,,,,,,,,,,,
2433.0,,,,,,,,,,,,,
2434.0,,,,,,,,,,,,,
2435.0,,,,,,,,,,,,,
2436.0,,,,,,,,,,,,,
2437.0,,,,,,,,,,,,,
2438.0,,,,,,,,,,,,,
2439.0,,,,,,,,,,,,,
2440.0,,,,,,,,,,,,,
2441.0,,,,,,,,,,,,,
2442.0,,,,,,,,,,,,,
2443.0,,,,,,,,,,,,,
2444.0,,,,,,,,,,,,,
2445.0,,,,,,,,,,,,,
2446.0,,,,,,,,,,,,,
2447.0,,,,,,,,,,,,,
2448.0,,,,,,,,,,,,,
2449.0,,,,,,,,,,,,,
2450.0,,,,,,,,,,,,,
2451.0,,,,,,,,,,,,,
2452.0,,,,,,,,,,,,,
2453.0,,,,,,,,,,,,,
2454.0,,,,,,,,,,,,,
2455.0,,,,,,,,,,,,,
2456.0,,,,,,,,,,,,,
2457.0,,,,,,,,,,,,,
2458.0,,,,,,,,,,,,,
2459.0,,,,,,,,,,,,,
2460.0,,,,,,,,,,,,,
2461.0,,,,,,,,,,,,,
2462.0,,,,,,,,,,,,,
2463.0,,,,,,,,,,,,,
2464.0,,,,,,,,,,,,,
2465.0,,,,,,,,,,,,,
2466.0,,,,,,,,,,,,,
2467.0,,,,,,,,,,,,,
2468.0,,,,,,,,,,,,,
2469.0,,,,,,,,,,,,,
2470.0,,,,,,,,,,,,,
2471.0,,,,,,,,,,,,,
2472.0,,,,,,,,,,,,,
2473.0,,,,,,,,,,,,,
2474.0,,,,,,,,,,,,,
2475.0,,,,,,,,,,,,,
2476.0,,,,,,,,,,,,,
2477.0,,,,,,,,,,,,,
2478.0,,,,,,,,,,,,,
2479.0,,,,,,,,,,,,,
2480.0,,,,,,,,,,,,,
2481.0,,,,,,,,,,,,,
2482.0,,,,,,,,,,,,,
2483.0,,,,,,,,,,,,,
2484.0,,,,,,,,,,,,,
2485.0,,,,,,,,,,,,,
2486.0,,,,,,,,,,,,,
2487.0,,,,,,,,,,,,,
2488.0,,,,,,,,,,,,,
2489.0,,,,,,,,,,,,,
2490.0,,,,,,,,,,,,,
2491.0,,,,,,,,,,,,,
2492.0,,,,,,,,,,,,,
2493.0,,,,,,,,,,,,,
2494.0,,,,,,,,,,,,,
2495.0,,,,,,,,,,,,,
2496.0,,,,,,,,,,,,,
2497.0,,,,,,,,,,,,,
2498.0,,,,,,,,,,,,,
2499.0,,,,,,,,,,,,,
2500.0,,,,,,,,,,,,,
2501.0,,,,,,,,,,,,,
2502.0,,,,,,,,,,,,,
2503.0,,,,,,,,,,,,,
2504.0,,,,,,,,,,,,,
2505.0,,,,,,,,,,,,,
2506.0,,,,,,,,,,,,,
2507.0,,,,,,,,,,,,,
2508.0,,,,,,,,,,,,,
2509.0,,,,,,,,,,,,,
2510.0,,,,,,,,,,,,,
2511.0,,,,,,,,,,,,,
2512.0,,,,,,,,,,,,,
2513.0,,,,,,,,,,,,,
2514.0,,,,,,,,,,,,,
2515.0,,,,,,,,,,,,,
2516.0,,,,,,,,,,,,,
2517.0,,,,,,,,,,,,,
2518.0,,,,,,,,,,,,,
2519.0,,,,,,,,,,,,,
2520.0,,,,,,,,,,,,,
2521.0,,,,,,,,,,,,,
2522.0,,,,,,,,,,,,,
2523.0,,,,,,,,,,,,,
2524.0,,,,,,,,,,,,,
2525.0,,,,,,,,,,,,,
2526.0,,,,,,,,,,,,,
2527.0,,,,,,,,,,,,,
2528.0,,,,,,,,,,,,,
2529.0,,,,,,,,,,,,,
2530.0,,,,,,,,,,,,,
2531.0,,,,,,,,,,,,,
2532.0,,,,,,,,,,,,,
2533.0,,,,,,,,,,,,,
2534.0,,,,,,,,,,,,,
2535.0,,,,,,,,,,,,,
2536.0,,,,,,,,,,,,,
2537.0,,,,,,,,,,,,,
2538.0,,,,,,,,,,,,,
2539.0,,,,,,,,,,,,,
2540.0,,,,,,,,,,,,,
2541.0,,,,,,,,,,,,,
2542.0,,,,,,,,,,,,,
2543.0,,,,,,,,,,,,,
2544.0,,,,,,,,,,,,,
2545.0,,,,,,,,,,,,,
2546.0,,,,,,,,,,,,,
2547.0,,,,,,,,,,,,,
2548.0,,,,,,,,,,,,,
2549.0,,,,,,,,,,,,,
2550.0,,,,,,,,,,,,,
2551.0,,,,,,,,,,,,,
2552.0,,,,,,,,,,,,,
2553.0,,,,,,,,,,,,,
2554.0,,,,,,,,,,,,,
2555.0,,,,,,,,,,,,,
2556.0,,,,,,,,,,,,,
2557.0,,,,,,,,,,,,,
2558.0,,,,,,,,,,,,,
2559.0,,,,,,,,,,,,,
2560.0,,,,,,,,,,,,,
2561.0,,,,,,,,,,,,,
2562.0,,,,,,,,,,,,,
2563.0,,,,,,,,,,,,,
2564.0,,,,,,,,,,,,,
2565.0,,,,,,,,,,,,,
2566.0,,,,,,,,,,,,,
2567.0,,,,,,,,,,,,,
2568.0,,,,,,,,,,,,,
2569.0,,,,,,,,,,,,,
2570.0,,,,,,,,,,,,,
2571.0,,,,,,,,,,,,,
2572.0,,,,,,,,,,,,,
2573.0,,,,,,,,,,,,,
2574.0,,,,,,,,,,,,,
2575.0,,,,,,,,,,,,,
2576.0,,,,,,,,,,,,,
2577.0,,,,,,,,,,,,,
2578.0,,,,,,,,,,,,,
2579.0,,,,,,,,,,,,,
2580.0,,,,,,,,,,,,,
2581.0,,,,,,,,,,,,,
2582.0,,,,,,,,,,,,,
2583.0,,,,,,,,,,,,,
2584.0,,,,,,,,,,,,,
2585.0,,,,,,,,,,,,,
2586.0,,,,,,,,,,,,,
2587.0,,,,,,,,,,,,,
2588.0,,,,,,,,,,,,,
2589.0,,,,,,,,,,,,,
2590.0,,,,,,,,,,,,,
2591.0,,,,,,,,,,,,,
2592.0,,,,,,,,,,,,,
2593.0,,,,,,,,,,,,,
2594.0,,,,,,,,,,,,,
2595.0,,,,,,,,,,,,,
2596.0,,,,,,,,,,,,,
2597.0,,,,,,,,,,,,,
2598.0,,,,,,,,,,,,,
2599.0,,,,,,,,,,,,,
2600.0,,,,,,,,,,,,,
